-- MySQL dump 10.13  Distrib 8.0.38, for Win64 (x86_64)
--
-- Host: j11a603.p.ssafy.io    Database: idoncare
-- ------------------------------------------------------
-- Server version	9.0.1

/*!40101 SET @OLD_CHARACTER_SET_CLIENT=@@CHARACTER_SET_CLIENT */;
/*!40101 SET @OLD_CHARACTER_SET_RESULTS=@@CHARACTER_SET_RESULTS */;
/*!40101 SET @OLD_COLLATION_CONNECTION=@@COLLATION_CONNECTION */;
/*!50503 SET NAMES utf8 */;
/*!40103 SET @OLD_TIME_ZONE=@@TIME_ZONE */;
/*!40103 SET TIME_ZONE='+00:00' */;
/*!40014 SET @OLD_UNIQUE_CHECKS=@@UNIQUE_CHECKS, UNIQUE_CHECKS=0 */;
/*!40014 SET @OLD_FOREIGN_KEY_CHECKS=@@FOREIGN_KEY_CHECKS, FOREIGN_KEY_CHECKS=0 */;
/*!40101 SET @OLD_SQL_MODE=@@SQL_MODE, SQL_MODE='NO_AUTO_VALUE_ON_ZERO' */;
/*!40111 SET @OLD_SQL_NOTES=@@SQL_NOTES, SQL_NOTES=0 */;

--
-- Current Database: `idoncare`
--

CREATE DATABASE /*!32312 IF NOT EXISTS*/ `idoncare` /*!40100 DEFAULT CHARACTER SET utf8mb4 COLLATE utf8mb4_0900_ai_ci */ /*!80016 DEFAULT ENCRYPTION='N' */;

USE `idoncare`;

--
-- Table structure for table `account`
--

DROP TABLE IF EXISTS `account`;
/*!40101 SET @saved_cs_client     = @@character_set_client */;
/*!50503 SET character_set_client = utf8mb4 */;
CREATE TABLE `account` (
  `account_id` bigint NOT NULL,
  `account_num` varchar(255) NOT NULL,
  `balance` bigint NOT NULL,
  `bank_name` varchar(255) NOT NULL,
  `create_at` datetime(6) NOT NULL,
  `delete_yn` bit(1) NOT NULL DEFAULT b'0',
  PRIMARY KEY (`account_id`)
) ENGINE=InnoDB DEFAULT CHARSET=utf8mb4 COLLATE=utf8mb4_0900_ai_ci;
/*!40101 SET character_set_client = @saved_cs_client */;

--
-- Dumping data for table `account`
--

LOCK TABLES `account` WRITE;
/*!40000 ALTER TABLE `account` DISABLE KEYS */;
/*!40000 ALTER TABLE `account` ENABLE KEYS */;
UNLOCK TABLES;

--
-- Table structure for table `send_history`
--

DROP TABLE IF EXISTS `send_history`;
/*!40101 SET @saved_cs_client     = @@character_set_client */;
/*!50503 SET character_set_client = utf8mb4 */;
CREATE TABLE `send_history` (
  `history_id` bigint NOT NULL AUTO_INCREMENT,
  `create_at` datetime(6) NOT NULL,
  `delete_yn` bit(1) NOT NULL DEFAULT b'0',
  `send_account` varchar(255) NOT NULL,
  `account_id` bigint NOT NULL,
  PRIMARY KEY (`history_id`),
  KEY `FKoi6umwgbixmv8p68e4qupp35q` (`account_id`),
  CONSTRAINT `FKoi6umwgbixmv8p68e4qupp35q` FOREIGN KEY (`account_id`) REFERENCES `account` (`account_id`)
) ENGINE=InnoDB DEFAULT CHARSET=utf8mb4 COLLATE=utf8mb4_0900_ai_ci;
/*!40101 SET character_set_client = @saved_cs_client */;

--
-- Dumping data for table `send_history`
--

LOCK TABLES `send_history` WRITE;
/*!40000 ALTER TABLE `send_history` DISABLE KEYS */;
/*!40000 ALTER TABLE `send_history` ENABLE KEYS */;
UNLOCK TABLES;

--
-- Table structure for table `trans`
--

DROP TABLE IF EXISTS `trans`;
/*!40101 SET @saved_cs_client     = @@character_set_client */;
/*!50503 SET character_set_client = utf8mb4 */;
CREATE TABLE `trans` (
  `trans_id` bigint NOT NULL AUTO_INCREMENT,
  `balance` bigint NOT NULL,
  `cost` bigint NOT NULL,
  `create_at` datetime(6) NOT NULL,
  `delete_yn` bit(1) NOT NULL DEFAULT b'0',
  `transaction_name` varchar(255) NOT NULL,
  `account_id` bigint NOT NULL,
  PRIMARY KEY (`trans_id`),
  KEY `FKlg8l3oybv4b9doe6hp3fg0sfy` (`account_id`),
  CONSTRAINT `FKlg8l3oybv4b9doe6hp3fg0sfy` FOREIGN KEY (`account_id`) REFERENCES `account` (`account_id`)
) ENGINE=InnoDB DEFAULT CHARSET=utf8mb4 COLLATE=utf8mb4_0900_ai_ci;
/*!40101 SET character_set_client = @saved_cs_client */;

--
-- Dumping data for table `trans`
--

LOCK TABLES `trans` WRITE;
/*!40000 ALTER TABLE `trans` DISABLE KEYS */;
/*!40000 ALTER TABLE `trans` ENABLE KEYS */;
UNLOCK TABLES;

--
-- Current Database: `bank`
--

CREATE DATABASE /*!32312 IF NOT EXISTS*/ `bank` /*!40100 DEFAULT CHARACTER SET utf8mb4 COLLATE utf8mb4_0900_ai_ci */ /*!80016 DEFAULT ENCRYPTION='N' */;

USE `bank`;

--
-- Table structure for table `account`
--

DROP TABLE IF EXISTS `account`;
/*!40101 SET @saved_cs_client     = @@character_set_client */;
/*!50503 SET character_set_client = utf8mb4 */;
CREATE TABLE `account` (
  `account_id` bigint NOT NULL,
  `account_num` varchar(255) NOT NULL,
  `balance` bigint NOT NULL,
  `bank_name` varchar(255) NOT NULL,
  `create_at` datetime(6) NOT NULL,
  `delete_yn` bit(1) NOT NULL DEFAULT b'0',
  `user_id` bigint NOT NULL,
  PRIMARY KEY (`account_id`)
) ENGINE=InnoDB DEFAULT CHARSET=utf8mb4 COLLATE=utf8mb4_0900_ai_ci;
/*!40101 SET character_set_client = @saved_cs_client */;

--
-- Dumping data for table `account`
--

LOCK TABLES `account` WRITE;
/*!40000 ALTER TABLE `account` DISABLE KEYS */;
INSERT INTO `account` VALUES (2024100710522739163,'9994779920967695',1000053,'싸피은행','2024-10-07 10:52:27.775221',_binary '\0',17),(2024100715072174066,'9995432733335658',851023,'싸피은행','2024-10-07 15:07:21.512355',_binary '\0',16),(2024100813234912259,'0044297523095093',753949,'국민은행','2024-10-08 13:23:49.004359',_binary '\0',22),(2024100813281963652,'0906257711137855',502567,'카카오뱅크','2024-10-08 13:28:19.164393',_binary '\0',23),(2024100817385679220,'0015727179325543',470897,'한국은행','2024-10-08 17:38:56.252204',_binary '\0',30),(2024100817571947952,'0119642190636736',1529115,'농협은행','2024-10-08 17:57:19.662868',_binary '\0',29),(2024100915015711788,'0208628565648903',6,'우리은행','2024-10-09 15:01:57.969257',_binary '\0',34),(2024100915022124073,'0883765200762203',150006,'신한은행','2024-10-09 15:02:21.598523',_binary '\0',35),(2024100922104976265,'0047605550066500',1,'국민은행','2024-10-09 22:10:49.237072',_binary '\0',27),(2024100922111392943,'0113693430972481',1,'농협은행','2024-10-09 22:11:13.147760',_binary '\0',37),(2024101000292431351,'0042338150188975',1,'국민은행','2024-10-10 00:29:24.454550',_binary '\0',18),(2024101012475260764,'0042903191313276',1,'국민은행','2024-10-10 12:47:52.205930',_binary '\0',32),(2024101020034638180,'0044938997688479',1741501,'국민은행','2024-10-10 20:03:46.381622',_binary '\0',38),(2024101020034772112,'0043765452080821',481502,'국민은행','2024-10-10 20:03:47.721936',_binary '\0',39),(2024101100203976414,'0044941242931514',1,'국민은행','2024-10-11 00:20:39.764205',_binary '\0',41),(2024101102171197072,'0045285339225618',1,'국민은행','2024-10-11 02:17:11.970771',_binary '\0',36),(2024101103373981108,'0045585206339196',1,'국민은행','2024-10-11 03:37:39.811590',_binary '\0',8);
/*!40000 ALTER TABLE `account` ENABLE KEYS */;
UNLOCK TABLES;

--
-- Table structure for table `card_trans`
--

DROP TABLE IF EXISTS `card_trans`;
/*!40101 SET @saved_cs_client     = @@character_set_client */;
/*!50503 SET character_set_client = utf8mb4 */;
CREATE TABLE `card_trans` (
  `card_trans_id` bigint NOT NULL AUTO_INCREMENT,
  `create_at` datetime(6) NOT NULL,
  `delete_yn` bit(1) NOT NULL DEFAULT b'0',
  `merchant_id` bigint DEFAULT NULL,
  `merchant_name` varchar(255) DEFAULT NULL,
  `transaction_balance` bigint DEFAULT NULL,
  `transaction_date` varchar(255) DEFAULT NULL,
  `transaction_time` varchar(255) DEFAULT NULL,
  `transaction_unique_no` bigint DEFAULT NULL,
  `account_id` bigint DEFAULT NULL,
  PRIMARY KEY (`card_trans_id`),
  KEY `FK52w3ks0oh9lxjtt0qsn02jo3y` (`account_id`),
  CONSTRAINT `FK52w3ks0oh9lxjtt0qsn02jo3y` FOREIGN KEY (`account_id`) REFERENCES `account` (`account_id`)
) ENGINE=InnoDB AUTO_INCREMENT=273 DEFAULT CHARSET=utf8mb4 COLLATE=utf8mb4_0900_ai_ci;
/*!40101 SET character_set_client = @saved_cs_client */;

--
-- Dumping data for table `card_trans`
--

LOCK TABLES `card_trans` WRITE;
/*!40000 ALTER TABLE `card_trans` DISABLE KEYS */;
INSERT INTO `card_trans` VALUES (2,'2024-10-10 20:08:48.243074',_binary '\0',2138,'스타벅스',4500,'20241010','195704',1288,2024101012475260764),(3,'2024-10-10 20:08:48.243103',_binary '\0',2138,'스타벅스',4500,'20241010','195128',1286,2024101012475260764),(4,'2024-10-10 20:08:48.243107',_binary '\0',2138,'스타벅스',4500,'20241010','194859',1285,2024101012475260764),(5,'2024-10-10 20:08:48.243112',_binary '\0',2140,'교보문고',15000,'20241010','181208',1276,2024101012475260764),(6,'2024-10-10 20:08:48.243116',_binary '\0',2146,'몬스터PC',4000,'20241010','181136',1275,2024101012475260764),(7,'2024-10-10 20:08:48.243118',_binary '\0',2149,'에이블리',15000,'20241010','181045',1274,2024101012475260764),(8,'2024-10-10 20:08:48.243122',_binary '\0',2149,'에이블리',20000,'20241010','181031',1273,2024101012475260764),(9,'2024-10-10 20:08:48.243125',_binary '\0',2148,'올리브영',10000,'20241010','181002',1272,2024101012475260764),(10,'2024-10-10 20:08:48.243130',_binary '\0',2145,'요거트아이스크림의정석',120000,'20241010','180820',1271,2024101012475260764),(11,'2024-10-10 20:08:48.243134',_binary '\0',2145,'요거트아이스크림의정석',20000,'20241010','180812',1270,2024101012475260764),(12,'2024-10-10 20:08:48.243138',_binary '\0',2143,'김밥천국',20000,'20241010','180738',1269,2024101012475260764),(13,'2024-10-10 20:08:48.243142',_binary '\0',2142,'양궈푸마라탕',10000,'20241010','180726',1268,2024101012475260764),(14,'2024-10-10 20:08:48.243145',_binary '\0',2142,'양궈푸마라탕',9000,'20241010','180715',1267,2024101012475260764),(15,'2024-10-10 20:08:48.243148',_binary '\0',2141,'아트박스',8000,'20241010','180632',1266,2024101012475260764),(16,'2024-10-10 20:08:48.243151',_binary '\0',2141,'아트박스',5000,'20241010','180621',1265,2024101012475260764),(17,'2024-10-10 20:08:48.243155',_binary '\0',2140,'교보문고',12000,'20241010','180557',1264,2024101012475260764),(18,'2024-10-10 20:08:48.243158',_binary '\0',2139,'메가MGC커피',3800,'20241010','180528',1263,2024101012475260764),(19,'2024-10-10 20:08:48.243162',_binary '\0',2139,'메가MGC커피',5000,'20241010','180510',1262,2024101012475260764),(20,'2024-10-10 20:08:48.243165',_binary '\0',2139,'메가MGC커피',3400,'20241010','180458',1261,2024101012475260764),(21,'2024-10-10 20:08:48.243169',_binary '\0',2138,'스타벅스',6000,'20241010','180441',1260,2024101012475260764),(22,'2024-10-10 20:08:48.243172',_binary '\0',2138,'스타벅스',4500,'20241010','180222',1259,2024101012475260764),(23,'2024-10-10 20:08:48.243175',_binary '\0',2138,'스타벅스',4500,'20241010','175831',1254,2024101012475260764),(68,'2024-10-11 01:52:10.064655',_binary '\0',2138,'스타벅스',4500,'20241011','015209',1412,2024100715072174066),(69,'2024-10-11 01:53:49.764904',_binary '\0',2138,'스타벅스',8000,'20241011','015349',1414,2024100715072174066),(70,'2024-10-11 01:54:22.695964',_binary '\0',2140,'교보문고',20000,'20241011','015422',1415,2024100715072174066),(71,'2024-10-11 01:54:36.400090',_binary '\0',2141,'아트박스',13000,'20241011','015436',1416,2024100715072174066),(72,'2024-10-11 01:54:52.221240',_binary '\0',2143,'김밥천국',4000,'20241011','015452',1417,2024100715072174066),(73,'2024-10-11 01:54:59.131303',_binary '\0',2143,'김밥천국',5500,'20241011','015458',1418,2024100715072174066),(74,'2024-10-11 01:55:06.581673',_binary '\0',2143,'김밥천국',6000,'20241011','015506',1419,2024100715072174066),(75,'2024-10-11 01:55:13.261820',_binary '\0',2143,'김밥천국',3500,'20241011','015513',1420,2024100715072174066),(76,'2024-10-11 01:55:31.435034',_binary '\0',2144,'왕가탕후루',3500,'20241011','015531',1421,2024100715072174066),(77,'2024-10-11 01:55:48.298607',_binary '\0',2146,'몬스터PC',10000,'20241011','015548',1422,2024100715072174066),(78,'2024-10-11 01:55:52.134293',_binary '\0',2146,'몬스터PC',5000,'20241011','015552',1423,2024100715072174066),(79,'2024-10-11 01:55:59.638362',_binary '\0',2146,'몬스터PC',6500,'20241011','015559',1424,2024100715072174066),(80,'2024-10-11 01:56:07.006115',_binary '\0',2146,'몬스터PC',3500,'20241011','015606',1425,2024100715072174066),(81,'2024-10-11 01:56:24.814729',_binary '\0',2147,'Google Play',3000,'20241011','015624',1426,2024100715072174066),(82,'2024-10-11 01:56:36.707396',_binary '\0',2148,'올리브영',5000,'20241011','015636',1427,2024100715072174066),(83,'2024-10-11 02:10:44.388249',_binary '\0',2138,'스타벅스',4500,'20241011','021044',1438,2024100922111392943),(84,'2024-10-11 02:10:49.926820',_binary '\0',2138,'스타벅스',6000,'20241011','021049',1439,2024100922111392943),(85,'2024-10-11 02:10:55.626670',_binary '\0',2138,'스타벅스',5000,'20241011','021055',1440,2024100922111392943),(86,'2024-10-11 02:11:02.174458',_binary '\0',2139,'메가MGC커피',4000,'20241011','021102',1441,2024100922111392943),(87,'2024-10-11 02:11:07.540903',_binary '\0',2139,'메가MGC커피',7000,'20241011','021107',1442,2024100922111392943),(88,'2024-10-11 02:11:22.560527',_binary '\0',2141,'아트박스',8000,'20241011','021122',1443,2024100922111392943),(89,'2024-10-11 02:11:35.380563',_binary '\0',2142,'양궈푸마라탕',9000,'20241011','021135',1444,2024100922111392943),(90,'2024-10-11 02:11:59.861416',_binary '\0',2144,'왕가탕후루',3500,'20241011','021159',1445,2024100922111392943),(91,'2024-10-11 02:12:05.218147',_binary '\0',2144,'왕가탕후루',4000,'20241011','021205',1446,2024100922111392943),(92,'2024-10-11 02:12:15.202479',_binary '\0',2145,'요거트아이스크림의정석',13000,'20241011','021215',1447,2024100922111392943),(93,'2024-10-11 02:12:28.547675',_binary '\0',2148,'올리브영',12000,'20241011','021228',1448,2024100922111392943),(94,'2024-10-11 02:12:32.459558',_binary '\0',2148,'올리브영',7000,'20241011','021232',1449,2024100922111392943),(95,'2024-10-11 02:12:42.232050',_binary '\0',2149,'에이블리',20000,'20241011','021242',1450,2024100922111392943),(96,'2024-10-11 02:12:49.011045',_binary '\0',2149,'에이블리',15000,'20241011','021248',1451,2024100922111392943),(97,'2024-10-11 02:12:56.712316',_binary '\0',2149,'에이블리',9900,'20241011','021256',1452,2024100922111392943),(98,'2024-10-11 02:15:29.241409',_binary '\0',2138,'스타벅스',5000,'20241011','021529',1453,2024101020034772112),(99,'2024-10-11 02:15:39.780356',_binary '\0',2138,'스타벅스',6300,'20241011','021539',1454,2024101020034772112),(100,'2024-10-11 02:15:48.702152',_binary '\0',2139,'메가MGC커피',3500,'20241011','021548',1455,2024101020034772112),(101,'2024-10-11 02:15:52.712034',_binary '\0',2139,'메가MGC커피',4500,'20241011','021552',1456,2024101020034772112),(102,'2024-10-11 02:15:58.712029',_binary '\0',2139,'메가MGC커피',3000,'20241011','021558',1457,2024101020034772112),(103,'2024-10-11 02:16:14.105238',_binary '\0',2140,'교보문고',15000,'20241011','021613',1458,2024101020034772112),(104,'2024-10-11 02:16:32.837538',_binary '\0',2141,'아트박스',5000,'20241011','021632',1459,2024101020034772112),(105,'2024-10-11 02:16:40.473463',_binary '\0',2141,'아트박스',6000,'20241011','021640',1460,2024101020034772112),(106,'2024-10-11 02:16:55.408827',_binary '\0',2140,'교보문고',12000,'20241011','021655',1461,2024101020034772112),(107,'2024-10-11 02:17:20.599371',_binary '\0',2142,'양궈푸마라탕',9000,'20241011','021720',1462,2024101020034772112),(108,'2024-10-11 02:17:26.175685',_binary '\0',2142,'양궈푸마라탕',8000,'20241011','021726',1464,2024101020034772112),(109,'2024-10-11 02:17:39.353670',_binary '\0',2144,'왕가탕후루',3500,'20241011','021739',1465,2024101020034772112),(110,'2024-10-11 02:17:48.722886',_binary '\0',2145,'요거트아이스크림의정석',12000,'20241011','021748',1466,2024101020034772112),(111,'2024-10-11 02:17:56.416182',_binary '\0',2145,'요거트아이스크림의정석',3000,'20241011','021756',1467,2024101020034772112),(112,'2024-10-11 02:18:10.819807',_binary '\0',2147,'Google Play',3000,'20241011','021810',1468,2024101020034772112),(113,'2024-10-11 02:18:24.686413',_binary '\0',2148,'올리브영',10000,'20241011','021824',1469,2024101020034772112),(114,'2024-10-11 02:18:28.802714',_binary '\0',2148,'올리브영',6000,'20241011','021828',1470,2024101020034772112),(115,'2024-10-11 02:18:38.478112',_binary '\0',2148,'올리브영',5000,'20241011','021838',1471,2024101020034772112),(116,'2024-10-11 02:18:44.730581',_binary '\0',2149,'에이블리',12000,'20241011','021844',1472,2024101020034772112),(117,'2024-10-11 02:18:49.193859',_binary '\0',2149,'에이블리',9000,'20241011','021849',1473,2024101020034772112),(118,'2024-10-11 02:18:59.701082',_binary '\0',2149,'에이블리',10000,'20241011','021859',1474,2024101020034772112),(119,'2024-10-11 02:30:25.317976',_binary '\0',2139,'메가MGC커피',3500,'20241011','023025',1477,2024100813281963652),(120,'2024-10-11 02:30:31.445091',_binary '\0',2139,'메가MGC커피',3000,'20241011','023031',1478,2024100813281963652),(121,'2024-10-11 02:30:55.218903',_binary '\0',2140,'교보문고',7000,'20241011','023055',1479,2024100813281963652),(122,'2024-10-11 02:31:06.276293',_binary '\0',2142,'양궈푸마라탕',9000,'20241011','023106',1480,2024100813281963652),(123,'2024-10-11 02:31:11.226831',_binary '\0',2143,'김밥천국',5000,'20241011','023111',1481,2024100813281963652),(124,'2024-10-11 02:31:14.198128',_binary '\0',2143,'김밥천국',6000,'20241011','023114',1482,2024100813281963652),(125,'2024-10-11 02:31:25.446649',_binary '\0',2143,'김밥천국',7000,'20241011','023125',1483,2024100813281963652),(126,'2024-10-11 02:31:37.202280',_binary '\0',2144,'왕가탕후루',3000,'20241011','023137',1484,2024100813281963652),(127,'2024-10-11 02:31:53.960042',_binary '\0',2146,'몬스터PC',7000,'20241011','023153',1485,2024100813281963652),(128,'2024-10-11 02:31:57.262130',_binary '\0',2146,'몬스터PC',5000,'20241011','023157',1486,2024100813281963652),(129,'2024-10-11 02:32:05.996847',_binary '\0',2146,'몬스터PC',7000,'20241011','023205',1487,2024100813281963652),(130,'2024-10-11 02:32:11.611497',_binary '\0',2147,'Google Play',4000,'20241011','023211',1488,2024100813281963652),(131,'2024-10-11 02:32:20.134884',_binary '\0',2147,'Google Play',3000,'20241011','023220',1489,2024100813281963652),(132,'2024-10-11 02:43:20.438148',_binary '\0',2139,'메가MGC커피',3000,'20241011','024320',1490,2024100817385679220),(133,'2024-10-11 02:43:25.392686',_binary '\0',2139,'메가MGC커피',2500,'20241011','024325',1491,2024100817385679220),(134,'2024-10-11 02:43:50.762231',_binary '\0',2141,'아트박스',4000,'20241011','024350',1492,2024100817385679220),(135,'2024-10-11 02:43:59.421316',_binary '\0',2143,'김밥천국',4000,'20241011','024359',1493,2024100817385679220),(136,'2024-10-11 02:44:04.194155',_binary '\0',2143,'김밥천국',7000,'20241011','024404',1494,2024100817385679220),(137,'2024-10-11 02:44:09.495596',_binary '\0',2143,'김밥천국',4000,'20241011','024409',1495,2024100817385679220),(138,'2024-10-11 02:44:20.431946',_binary '\0',2144,'왕가탕후루',4000,'20241011','024420',1496,2024100817385679220),(139,'2024-10-11 02:44:25.882737',_binary '\0',2144,'왕가탕후루',3000,'20241011','024425',1497,2024100817385679220),(140,'2024-10-11 02:44:37.170997',_binary '\0',2146,'몬스터PC',7000,'20241011','024437',1498,2024100817385679220),(141,'2024-10-11 02:44:40.858030',_binary '\0',2146,'몬스터PC',5000,'20241011','024440',1499,2024100817385679220),(142,'2024-10-11 02:44:44.248272',_binary '\0',2146,'몬스터PC',3000,'20241011','024444',1500,2024100817385679220),(143,'2024-10-11 02:44:57.325308',_binary '\0',2147,'Google Play',6000,'20241011','024457',1501,2024100817385679220),(159,'2024-10-11 03:21:52.819200',_binary '\0',2149,'에이블리',20000,'20241008','193543',586,2024100915022124073),(160,'2024-10-11 03:21:52.819220',_binary '\0',2149,'에이블리',18000,'20241008','161540',482,2024100915022124073),(161,'2024-10-11 03:21:52.819224',_binary '\0',2148,'올리브영',3500,'20241008','131211',423,2024100915022124073),(162,'2024-10-11 03:21:52.819226',_binary '\0',1097,'버거킹 신촌점',8700,'20241008','102956',389,2024100915022124073),(163,'2024-10-11 03:21:52.819228',_binary '\0',2149,'에이블리',20000,'20241006','020158',287,2024100915022124073),(164,'2024-10-11 03:21:52.819231',_binary '\0',2148,'올리브영',8000,'20241006','020137',286,2024100915022124073),(165,'2024-10-11 03:21:52.819234',_binary '\0',2146,'몬스터PC',10000,'20241006','020103',285,2024100915022124073),(166,'2024-10-11 03:21:52.819237',_binary '\0',2145,'요거트아이스크림의정석',13000,'20241006','020026',284,2024100915022124073),(167,'2024-10-11 03:21:52.819239',_binary '\0',2145,'요거트아이스크림의정석',11500,'20241006','020015',283,2024100915022124073),(168,'2024-10-11 03:21:52.819242',_binary '\0',2144,'왕가탕후루',3500,'20241006','015954',282,2024100915022124073),(169,'2024-10-11 03:21:52.819246',_binary '\0',2142,'양궈푸마라탕',8400,'20241006','015918',281,2024100915022124073),(170,'2024-10-11 03:21:52.819250',_binary '\0',2142,'양궈푸마라탕',9000,'20241006','015902',280,2024100915022124073),(171,'2024-10-11 03:21:52.819251',_binary '\0',2141,'아트박스',6300,'20241006','015811',279,2024100915022124073),(172,'2024-10-11 03:21:52.819253',_binary '\0',2141,'아트박스',7000,'20241006','015759',278,2024100915022124073),(173,'2024-10-11 03:21:52.819257',_binary '\0',2140,'교보문고',12000,'20241006','015730',277,2024100915022124073),(174,'2024-10-11 03:21:52.819259',_binary '\0',2138,'스타벅스',9000,'20241006','015715',276,2024100915022124073),(175,'2024-10-11 03:21:52.819262',_binary '\0',2139,'메가MGC커피',3000,'20241006','015621',275,2024100915022124073),(176,'2024-10-11 03:21:52.819264',_binary '\0',2139,'메가MGC커피',3500,'20241006','015610',274,2024100915022124073),(177,'2024-10-11 03:21:52.819269',_binary '\0',2139,'메가MGC커피',3500,'20241006','015559',273,2024100915022124073),(178,'2024-10-11 03:21:52.819273',_binary '\0',2139,'메가MGC커피',4000,'20241006','015537',272,2024100915022124073),(179,'2024-10-11 03:21:52.819276',_binary '\0',2138,'스타벅스',5000,'20241006','015517',271,2024100915022124073),(180,'2024-10-11 03:21:52.819278',_binary '\0',2138,'스타벅스',5300,'20241006','015501',270,2024100915022124073),(181,'2024-10-11 03:21:52.819278',_binary '\0',2138,'스타벅스',4500,'20241006','014826',269,2024100915022124073),(182,'2024-10-11 03:21:52.819280',_binary '\0',1096,'스타벅스 서울역점',4500,'20241006','014211',268,2024100915022124073),(183,'2024-10-11 03:27:45.501203',_binary '\0',2147,'Google Play',6000,'20241011','024457',1501,2024100817385679220),(184,'2024-10-11 03:27:45.501219',_binary '\0',2146,'몬스터PC',3000,'20241011','024444',1500,2024100817385679220),(185,'2024-10-11 03:27:45.501222',_binary '\0',2146,'몬스터PC',5000,'20241011','024440',1499,2024100817385679220),(186,'2024-10-11 03:27:45.501226',_binary '\0',2146,'몬스터PC',7000,'20241011','024437',1498,2024100817385679220),(187,'2024-10-11 03:27:45.501229',_binary '\0',2144,'왕가탕후루',3000,'20241011','024425',1497,2024100817385679220),(188,'2024-10-11 03:27:45.501232',_binary '\0',2144,'왕가탕후루',4000,'20241011','024420',1496,2024100817385679220),(189,'2024-10-11 03:27:45.501236',_binary '\0',2143,'김밥천국',4000,'20241011','024409',1495,2024100817385679220),(190,'2024-10-11 03:27:45.501238',_binary '\0',2143,'김밥천국',7000,'20241011','024404',1494,2024100817385679220),(191,'2024-10-11 03:27:45.501242',_binary '\0',2143,'김밥천국',4000,'20241011','024359',1493,2024100817385679220),(192,'2024-10-11 03:27:45.501244',_binary '\0',2141,'아트박스',4000,'20241011','024350',1492,2024100817385679220),(193,'2024-10-11 03:27:45.501247',_binary '\0',2139,'메가MGC커피',2500,'20241011','024325',1491,2024100817385679220),(194,'2024-10-11 03:27:45.501251',_binary '\0',2139,'메가MGC커피',3000,'20241011','024320',1490,2024100817385679220),(195,'2024-10-11 06:00:41.154407',_binary '\0',2147,'Google Play',6000,'20241011','024457',1501,2024100817385679220),(196,'2024-10-11 06:00:41.154431',_binary '\0',2146,'몬스터PC',3000,'20241011','024444',1500,2024100817385679220),(197,'2024-10-11 06:00:41.154435',_binary '\0',2146,'몬스터PC',5000,'20241011','024440',1499,2024100817385679220),(198,'2024-10-11 06:00:41.154438',_binary '\0',2146,'몬스터PC',7000,'20241011','024437',1498,2024100817385679220),(199,'2024-10-11 06:00:41.154443',_binary '\0',2144,'왕가탕후루',3000,'20241011','024425',1497,2024100817385679220),(200,'2024-10-11 06:00:41.154445',_binary '\0',2144,'왕가탕후루',4000,'20241011','024420',1496,2024100817385679220),(201,'2024-10-11 06:00:41.154448',_binary '\0',2143,'김밥천국',4000,'20241011','024409',1495,2024100817385679220),(202,'2024-10-11 06:00:41.154451',_binary '\0',2143,'김밥천국',7000,'20241011','024404',1494,2024100817385679220),(203,'2024-10-11 06:00:41.154454',_binary '\0',2143,'김밥천국',4000,'20241011','024359',1493,2024100817385679220),(204,'2024-10-11 06:00:41.154457',_binary '\0',2141,'아트박스',4000,'20241011','024350',1492,2024100817385679220),(205,'2024-10-11 06:00:41.154461',_binary '\0',2139,'메가MGC커피',2500,'20241011','024325',1491,2024100817385679220),(206,'2024-10-11 06:00:41.154464',_binary '\0',2139,'메가MGC커피',3000,'20241011','024320',1490,2024100817385679220),(207,'2024-10-11 08:06:25.378141',_binary '\0',2147,'Google Play',6000,'20241011','024457',1501,2024100817385679220),(208,'2024-10-11 08:06:25.378160',_binary '\0',2146,'몬스터PC',3000,'20241011','024444',1500,2024100817385679220),(209,'2024-10-11 08:06:25.378163',_binary '\0',2146,'몬스터PC',5000,'20241011','024440',1499,2024100817385679220),(210,'2024-10-11 08:06:25.378168',_binary '\0',2146,'몬스터PC',7000,'20241011','024437',1498,2024100817385679220),(211,'2024-10-11 08:06:25.378171',_binary '\0',2144,'왕가탕후루',3000,'20241011','024425',1497,2024100817385679220),(212,'2024-10-11 08:06:25.378173',_binary '\0',2144,'왕가탕후루',4000,'20241011','024420',1496,2024100817385679220),(213,'2024-10-11 08:06:25.378176',_binary '\0',2143,'김밥천국',4000,'20241011','024409',1495,2024100817385679220),(214,'2024-10-11 08:06:25.378181',_binary '\0',2143,'김밥천국',7000,'20241011','024404',1494,2024100817385679220),(215,'2024-10-11 08:06:25.378182',_binary '\0',2143,'김밥천국',4000,'20241011','024359',1493,2024100817385679220),(216,'2024-10-11 08:06:25.378185',_binary '\0',2141,'아트박스',4000,'20241011','024350',1492,2024100817385679220),(217,'2024-10-11 08:06:25.378188',_binary '\0',2139,'메가MGC커피',2500,'20241011','024325',1491,2024100817385679220),(218,'2024-10-11 08:06:25.378191',_binary '\0',2139,'메가MGC커피',3000,'20241011','024320',1490,2024100817385679220),(219,'2024-10-11 09:08:57.016884',_binary '\0',2149,'에이블리',10000,'20241011','021859',1474,2024101020034772112),(220,'2024-10-11 09:08:57.016903',_binary '\0',2149,'에이블리',9000,'20241011','021849',1473,2024101020034772112),(221,'2024-10-11 09:08:57.016907',_binary '\0',2149,'에이블리',12000,'20241011','021844',1472,2024101020034772112),(222,'2024-10-11 09:08:57.016909',_binary '\0',2148,'올리브영',5000,'20241011','021838',1471,2024101020034772112),(223,'2024-10-11 09:08:57.016912',_binary '\0',2148,'올리브영',6000,'20241011','021828',1470,2024101020034772112),(224,'2024-10-11 09:08:57.016915',_binary '\0',2148,'올리브영',10000,'20241011','021824',1469,2024101020034772112),(225,'2024-10-11 09:08:57.016918',_binary '\0',2147,'Google Play',3000,'20241011','021810',1468,2024101020034772112),(226,'2024-10-11 09:08:57.016920',_binary '\0',2145,'요거트아이스크림의정석',3000,'20241011','021756',1467,2024101020034772112),(227,'2024-10-11 09:08:57.016923',_binary '\0',2145,'요거트아이스크림의정석',12000,'20241011','021748',1466,2024101020034772112),(228,'2024-10-11 09:08:57.016926',_binary '\0',2144,'왕가탕후루',3500,'20241011','021739',1465,2024101020034772112),(229,'2024-10-11 09:08:57.016928',_binary '\0',2142,'양궈푸마라탕',8000,'20241011','021726',1464,2024101020034772112),(230,'2024-10-11 09:08:57.016931',_binary '\0',2142,'양궈푸마라탕',9000,'20241011','021720',1462,2024101020034772112),(231,'2024-10-11 09:08:57.016934',_binary '\0',2140,'교보문고',12000,'20241011','021655',1461,2024101020034772112),(232,'2024-10-11 09:08:57.016937',_binary '\0',2141,'아트박스',6000,'20241011','021640',1460,2024101020034772112),(233,'2024-10-11 09:08:57.016939',_binary '\0',2141,'아트박스',5000,'20241011','021632',1459,2024101020034772112),(234,'2024-10-11 09:08:57.016946',_binary '\0',2140,'교보문고',15000,'20241011','021613',1458,2024101020034772112),(235,'2024-10-11 09:08:57.016948',_binary '\0',2139,'메가MGC커피',3000,'20241011','021558',1457,2024101020034772112),(236,'2024-10-11 09:08:57.016951',_binary '\0',2139,'메가MGC커피',4500,'20241011','021552',1456,2024101020034772112),(237,'2024-10-11 09:08:57.016954',_binary '\0',2139,'메가MGC커피',3500,'20241011','021548',1455,2024101020034772112),(238,'2024-10-11 09:08:57.016954',_binary '\0',2138,'스타벅스',6300,'20241011','021539',1454,2024101020034772112),(239,'2024-10-11 09:08:57.016959',_binary '\0',2138,'스타벅스',5000,'20241011','021529',1453,2024101020034772112),(240,'2024-10-11 09:38:00.718359',_binary '\0',2147,'Google Play',6000,'20241011','024457',1501,2024100817385679220),(241,'2024-10-11 09:38:00.718376',_binary '\0',2146,'몬스터PC',3000,'20241011','024444',1500,2024100817385679220),(242,'2024-10-11 09:38:00.718380',_binary '\0',2146,'몬스터PC',5000,'20241011','024440',1499,2024100817385679220),(243,'2024-10-11 09:38:00.718382',_binary '\0',2146,'몬스터PC',7000,'20241011','024437',1498,2024100817385679220),(244,'2024-10-11 09:38:00.718385',_binary '\0',2144,'왕가탕후루',3000,'20241011','024425',1497,2024100817385679220),(245,'2024-10-11 09:38:00.718390',_binary '\0',2144,'왕가탕후루',4000,'20241011','024420',1496,2024100817385679220),(246,'2024-10-11 09:38:00.718393',_binary '\0',2143,'김밥천국',4000,'20241011','024409',1495,2024100817385679220),(247,'2024-10-11 09:38:00.718453',_binary '\0',2143,'김밥천국',7000,'20241011','024404',1494,2024100817385679220),(248,'2024-10-11 09:38:00.718453',_binary '\0',2143,'김밥천국',4000,'20241011','024359',1493,2024100817385679220),(249,'2024-10-11 09:38:00.718455',_binary '\0',2141,'아트박스',4000,'20241011','024350',1492,2024100817385679220),(250,'2024-10-11 09:38:00.718458',_binary '\0',2139,'메가MGC커피',2500,'20241011','024325',1491,2024100817385679220),(251,'2024-10-11 09:38:00.718464',_binary '\0',2139,'메가MGC커피',3000,'20241011','024320',1490,2024100817385679220),(252,'2024-10-11 09:52:45.057318',_binary '\0',2149,'에이블리',10000,'20241011','021859',1474,2024101020034772112),(253,'2024-10-11 09:52:45.057347',_binary '\0',2149,'에이블리',9000,'20241011','021849',1473,2024101020034772112),(254,'2024-10-11 09:52:45.057351',_binary '\0',2149,'에이블리',12000,'20241011','021844',1472,2024101020034772112),(255,'2024-10-11 09:52:45.057354',_binary '\0',2148,'올리브영',5000,'20241011','021838',1471,2024101020034772112),(256,'2024-10-11 09:52:45.057355',_binary '\0',2148,'올리브영',6000,'20241011','021828',1470,2024101020034772112),(257,'2024-10-11 09:52:45.057394',_binary '\0',2148,'올리브영',10000,'20241011','021824',1469,2024101020034772112),(258,'2024-10-11 09:52:45.057398',_binary '\0',2147,'Google Play',3000,'20241011','021810',1468,2024101020034772112),(259,'2024-10-11 09:52:45.057403',_binary '\0',2145,'요거트아이스크림의정석',3000,'20241011','021756',1467,2024101020034772112),(260,'2024-10-11 09:52:45.057403',_binary '\0',2145,'요거트아이스크림의정석',12000,'20241011','021748',1466,2024101020034772112),(261,'2024-10-11 09:52:45.057405',_binary '\0',2144,'왕가탕후루',3500,'20241011','021739',1465,2024101020034772112),(262,'2024-10-11 09:52:45.057408',_binary '\0',2142,'양궈푸마라탕',8000,'20241011','021726',1464,2024101020034772112),(263,'2024-10-11 09:52:45.057410',_binary '\0',2142,'양궈푸마라탕',9000,'20241011','021720',1462,2024101020034772112),(264,'2024-10-11 09:52:45.057413',_binary '\0',2140,'교보문고',12000,'20241011','021655',1461,2024101020034772112),(265,'2024-10-11 09:52:45.057415',_binary '\0',2141,'아트박스',6000,'20241011','021640',1460,2024101020034772112),(266,'2024-10-11 09:52:45.057417',_binary '\0',2141,'아트박스',5000,'20241011','021632',1459,2024101020034772112),(267,'2024-10-11 09:52:45.057419',_binary '\0',2140,'교보문고',15000,'20241011','021613',1458,2024101020034772112),(268,'2024-10-11 09:52:45.057423',_binary '\0',2139,'메가MGC커피',3000,'20241011','021558',1457,2024101020034772112),(269,'2024-10-11 09:52:45.057424',_binary '\0',2139,'메가MGC커피',4500,'20241011','021552',1456,2024101020034772112),(270,'2024-10-11 09:52:45.057428',_binary '\0',2139,'메가MGC커피',3500,'20241011','021548',1455,2024101020034772112),(271,'2024-10-11 09:52:45.057429',_binary '\0',2138,'스타벅스',6300,'20241011','021539',1454,2024101020034772112),(272,'2024-10-11 09:52:45.057431',_binary '\0',2138,'스타벅스',5000,'20241011','021529',1453,2024101020034772112);
/*!40000 ALTER TABLE `card_trans` ENABLE KEYS */;
UNLOCK TABLES;

--
-- Table structure for table `send_history`
--

DROP TABLE IF EXISTS `send_history`;
/*!40101 SET @saved_cs_client     = @@character_set_client */;
/*!50503 SET character_set_client = utf8mb4 */;
CREATE TABLE `send_history` (
  `history_id` bigint NOT NULL AUTO_INCREMENT,
  `create_at` datetime(6) NOT NULL,
  `delete_yn` bit(1) NOT NULL DEFAULT b'0',
  `send_account` varchar(255) NOT NULL,
  `account_id` bigint NOT NULL,
  PRIMARY KEY (`history_id`),
  KEY `FKoi6umwgbixmv8p68e4qupp35q` (`account_id`),
  CONSTRAINT `FKoi6umwgbixmv8p68e4qupp35q` FOREIGN KEY (`account_id`) REFERENCES `account` (`account_id`)
) ENGINE=InnoDB DEFAULT CHARSET=utf8mb4 COLLATE=utf8mb4_0900_ai_ci;
/*!40101 SET character_set_client = @saved_cs_client */;

--
-- Dumping data for table `send_history`
--

LOCK TABLES `send_history` WRITE;
/*!40000 ALTER TABLE `send_history` DISABLE KEYS */;
/*!40000 ALTER TABLE `send_history` ENABLE KEYS */;
UNLOCK TABLES;

--
-- Table structure for table `trans`
--

DROP TABLE IF EXISTS `trans`;
/*!40101 SET @saved_cs_client     = @@character_set_client */;
/*!50503 SET character_set_client = utf8mb4 */;
CREATE TABLE `trans` (
  `trans_id` bigint NOT NULL AUTO_INCREMENT,
  `balance` bigint NOT NULL,
  `cost` bigint NOT NULL,
  `create_at` datetime(6) NOT NULL,
  `delete_yn` bit(1) NOT NULL DEFAULT b'0',
  `transaction_name` varchar(255) NOT NULL,
  `account_id` bigint NOT NULL,
  `transaction_type_name` varchar(255) NOT NULL,
  `bank_name` varchar(255) DEFAULT NULL,
  `transaction_account_no` varchar(255) DEFAULT NULL,
  PRIMARY KEY (`trans_id`),
  KEY `FKlg8l3oybv4b9doe6hp3fg0sfy` (`account_id`),
  CONSTRAINT `FKlg8l3oybv4b9doe6hp3fg0sfy` FOREIGN KEY (`account_id`) REFERENCES `account` (`account_id`)
) ENGINE=InnoDB AUTO_INCREMENT=687 DEFAULT CHARSET=utf8mb4 COLLATE=utf8mb4_0900_ai_ci;
/*!40101 SET character_set_client = @saved_cs_client */;

--
-- Dumping data for table `trans`
--

LOCK TABLES `trans` WRITE;
/*!40000 ALTER TABLE `trans` DISABLE KEYS */;
INSERT INTO `trans` VALUES (267,1000053,1,'2024-10-07 10:51:15.000000',_binary '\0','',2024100710522739163,'입금',NULL,''),(268,1000052,1000000,'2024-10-03 20:12:38.000000',_binary '\0','',2024100710522739163,'입금',NULL,''),(269,52,1,'2024-10-03 15:51:32.000000',_binary '\0','',2024100710522739163,'입금',NULL,''),(270,51,1,'2024-10-03 12:08:15.000000',_binary '\0','',2024100710522739163,'입금',NULL,''),(271,50,1,'2024-10-02 17:16:25.000000',_binary '\0','',2024100710522739163,'입금(이체)',NULL,'9995432733335658'),(272,49,1,'2024-10-02 17:16:22.000000',_binary '\0','',2024100710522739163,'입금(이체)',NULL,'9995432733335658'),(273,48,1,'2024-10-02 16:31:49.000000',_binary '\0','',2024100710522739163,'입금(이체)',NULL,'9995432733335658'),(274,47,1,'2024-10-02 16:27:48.000000',_binary '\0','',2024100710522739163,'입금(이체)',NULL,'9995432733335658'),(275,46,1,'2024-10-02 16:26:27.000000',_binary '\0','',2024100710522739163,'입금(이체)',NULL,'9995432733335658'),(276,45,1,'2024-10-02 09:01:12.000000',_binary '\0','',2024100710522739163,'입금(이체)',NULL,'9995432733335658'),(277,44,1,'2024-10-01 16:50:49.000000',_binary '\0','',2024100710522739163,'입금',NULL,''),(278,43,1,'2024-10-01 16:48:23.000000',_binary '\0','',2024100710522739163,'입금',NULL,''),(279,42,1,'2024-09-30 12:34:56.000000',_binary '\0','',2024100710522739163,'입금',NULL,''),(280,41,5,'2024-09-25 19:00:41.000000',_binary '\0','',2024100710522739163,'입금(이체)',NULL,'9995432733335658'),(281,36,5,'2024-09-25 17:47:55.000000',_binary '\0','',2024100710522739163,'입금(이체)',NULL,'9995432733335658'),(282,31,5,'2024-09-25 17:47:05.000000',_binary '\0','',2024100710522739163,'입금(이체)',NULL,'9995432733335658'),(283,26,5,'2024-09-25 17:44:52.000000',_binary '\0','',2024100710522739163,'입금(이체)',NULL,'9995432733335658'),(284,21,5,'2024-09-25 17:43:57.000000',_binary '\0','',2024100710522739163,'입금(이체)',NULL,'9995432733335658'),(285,16,5,'2024-09-25 17:38:31.000000',_binary '\0','',2024100710522739163,'입금(이체)',NULL,'9995432733335658'),(286,11,5,'2024-09-25 17:33:54.000000',_binary '\0','',2024100710522739163,'입금(이체)',NULL,'9995432733335658'),(287,6,5,'2024-09-25 17:32:56.000000',_binary '\0','',2024100710522739163,'입금(이체)',NULL,'9995432733335658'),(288,1,5,'2024-09-25 17:27:17.000000',_binary '\0','',2024100710522739163,'출금(이체)',NULL,'9995432733335658'),(289,6,5,'2024-09-25 17:14:20.000000',_binary '\0','',2024100710522739163,'출금(이체)',NULL,'9995432733335658'),(290,11,5,'2024-09-25 17:09:06.000000',_binary '\0','',2024100710522739163,'출금(이체)',NULL,'9995432733335658'),(291,16,5,'2024-09-25 17:07:00.000000',_binary '\0','',2024100710522739163,'출금(이체)',NULL,'9995432733335658'),(292,21,5,'2024-09-25 17:02:01.000000',_binary '\0','',2024100710522739163,'출금(이체)',NULL,'9995432733335658'),(293,26,5,'2024-09-25 17:00:30.000000',_binary '\0','',2024100710522739163,'출금(이체)',NULL,'9995432733335658'),(294,31,5,'2024-09-25 16:59:45.000000',_binary '\0','',2024100710522739163,'출금(이체)',NULL,'9995432733335658'),(295,36,5,'2024-09-25 16:56:35.000000',_binary '\0','',2024100710522739163,'출금(이체)',NULL,'9995432733335658'),(296,41,1,'2024-09-25 16:54:32.000000',_binary '\0','',2024100710522739163,'입금',NULL,''),(297,40,5,'2024-09-25 16:53:35.000000',_binary '\0','',2024100710522739163,'출금(이체)',NULL,'9995432733335658'),(298,45,5,'2024-09-25 16:51:10.000000',_binary '\0','',2024100710522739163,'출금(이체)',NULL,'9995432733335658'),(299,50,5,'2024-09-25 16:50:38.000000',_binary '\0','',2024100710522739163,'출금(이체)',NULL,'9995432733335658'),(300,55,5,'2024-09-25 16:42:22.000000',_binary '\0','',2024100710522739163,'입금(이체)',NULL,'9995432733335658'),(301,50,5,'2024-09-25 16:37:11.000000',_binary '\0','',2024100710522739163,'입금(이체)',NULL,'9995432733335658'),(302,45,5,'2024-09-25 16:35:37.000000',_binary '\0','',2024100710522739163,'입금(이체)',NULL,'9995432733335658'),(303,40,5,'2024-09-25 16:30:30.000000',_binary '\0','',2024100710522739163,'입금(이체)',NULL,'9995432733335658'),(304,35,5,'2024-09-25 16:24:52.000000',_binary '\0','',2024100710522739163,'입금(이체)',NULL,'9995432733335658'),(305,30,5,'2024-09-25 16:04:38.000000',_binary '\0','',2024100710522739163,'입금(이체)',NULL,'9995432733335658'),(306,25,5,'2024-09-25 16:03:31.000000',_binary '\0','',2024100710522739163,'입금(이체)',NULL,'9995432733335658'),(307,20,5,'2024-09-25 16:03:12.000000',_binary '\0','',2024100710522739163,'입금(이체)',NULL,'9995432733335658'),(308,15,5,'2024-09-25 16:01:11.000000',_binary '\0','',2024100710522739163,'입금(이체)',NULL,'9995432733335658'),(309,10,5,'2024-09-25 15:55:33.000000',_binary '\0','',2024100710522739163,'입금(이체)',NULL,'9995432733335658'),(310,5,5,'2024-09-25 14:31:35.000000',_binary '\0','',2024100710522739163,'입금(이체)',NULL,'9995432733335658'),(311,1000014,1,'2024-10-07 15:06:17.000000',_binary '\0','',2024100715072174066,'입금',NULL,''),(312,1000013,1000000,'2024-10-03 20:12:20.000000',_binary '\0','',2024100715072174066,'입금',NULL,''),(313,13,1,'2024-10-03 15:49:26.000000',_binary '\0','',2024100715072174066,'입금',NULL,''),(314,12,1,'2024-10-03 11:55:03.000000',_binary '\0','',2024100715072174066,'입금',NULL,''),(315,11,1,'2024-10-03 11:50:02.000000',_binary '\0','',2024100715072174066,'입금',NULL,''),(316,10,1,'2024-10-02 17:16:25.000000',_binary '\0','',2024100715072174066,'출금(이체)',NULL,'9994779920967695'),(317,11,1,'2024-10-02 17:16:22.000000',_binary '\0','',2024100715072174066,'출금(이체)',NULL,'9994779920967695'),(318,12,1,'2024-10-02 16:31:49.000000',_binary '\0','',2024100715072174066,'출금(이체)',NULL,'9994779920967695'),(319,13,1,'2024-10-02 16:27:48.000000',_binary '\0','',2024100715072174066,'출금(이체)',NULL,'9994779920967695'),(320,14,1,'2024-10-02 16:26:27.000000',_binary '\0','',2024100715072174066,'출금(이체)',NULL,'9994779920967695'),(321,15,1,'2024-10-02 16:22:47.000000',_binary '\0','',2024100715072174066,'출금(이체)',NULL,'0906257711137855'),(322,16,1,'2024-10-02 16:12:12.000000',_binary '\0','',2024100715072174066,'출금(이체)',NULL,'0906257711137855'),(323,17,1,'2024-10-02 16:08:05.000000',_binary '\0','',2024100715072174066,'출금(이체)',NULL,'0906257711137855'),(324,18,1,'2024-10-02 15:41:03.000000',_binary '\0','',2024100715072174066,'출금(이체)',NULL,'0906257711137855'),(325,19,1,'2024-10-02 15:35:20.000000',_binary '\0','',2024100715072174066,'출금(이체)',NULL,'0906257711137855'),(326,20,1,'2024-10-02 09:38:50.000000',_binary '\0','',2024100715072174066,'출금(이체)',NULL,'0906257711137855'),(327,21,1,'2024-10-02 09:38:21.000000',_binary '\0','',2024100715072174066,'출금(이체)',NULL,'0906257711137855'),(328,22,1,'2024-10-02 09:01:12.000000',_binary '\0','',2024100715072174066,'출금(이체)',NULL,'9994779920967695'),(329,23,1,'2024-09-26 13:17:19.000000',_binary '\0','',2024100715072174066,'입금',NULL,''),(330,22,1,'2024-09-26 13:07:16.000000',_binary '\0','',2024100715072174066,'입금',NULL,''),(331,21,1,'2024-09-26 10:54:49.000000',_binary '\0','',2024100715072174066,'입금',NULL,''),(332,20,5,'2024-09-25 19:00:41.000000',_binary '\0','',2024100715072174066,'출금(이체)',NULL,'9994779920967695'),(333,25,5,'2024-09-25 17:47:55.000000',_binary '\0','',2024100715072174066,'출금(이체)',NULL,'9994779920967695'),(334,30,5,'2024-09-25 17:47:05.000000',_binary '\0','',2024100715072174066,'출금(이체)',NULL,'9994779920967695'),(335,35,5,'2024-09-25 17:44:52.000000',_binary '\0','',2024100715072174066,'출금(이체)',NULL,'9994779920967695'),(336,40,5,'2024-09-25 17:43:57.000000',_binary '\0','',2024100715072174066,'출금(이체)',NULL,'9994779920967695'),(337,45,5,'2024-09-25 17:38:31.000000',_binary '\0','',2024100715072174066,'출금(이체)',NULL,'9994779920967695'),(338,50,5,'2024-09-25 17:33:54.000000',_binary '\0','',2024100715072174066,'출금(이체)',NULL,'9994779920967695'),(339,55,5,'2024-09-25 17:32:56.000000',_binary '\0','',2024100715072174066,'출금(이체)',NULL,'9994779920967695'),(340,60,5,'2024-09-25 17:27:17.000000',_binary '\0','',2024100715072174066,'입금(이체)',NULL,'9994779920967695'),(341,55,5,'2024-09-25 17:14:20.000000',_binary '\0','',2024100715072174066,'입금(이체)',NULL,'9994779920967695'),(342,50,5,'2024-09-25 17:09:06.000000',_binary '\0','',2024100715072174066,'입금(이체)',NULL,'9994779920967695'),(343,45,5,'2024-09-25 17:07:00.000000',_binary '\0','',2024100715072174066,'입금(이체)',NULL,'9994779920967695'),(344,40,5,'2024-09-25 17:02:01.000000',_binary '\0','',2024100715072174066,'입금(이체)',NULL,'9994779920967695'),(345,35,5,'2024-09-25 17:00:30.000000',_binary '\0','',2024100715072174066,'입금(이체)',NULL,'9994779920967695'),(346,30,5,'2024-09-25 16:59:45.000000',_binary '\0','',2024100715072174066,'입금(이체)',NULL,'9994779920967695'),(347,25,5,'2024-09-25 16:56:35.000000',_binary '\0','',2024100715072174066,'입금(이체)',NULL,'9994779920967695'),(348,20,5,'2024-09-25 16:53:35.000000',_binary '\0','',2024100715072174066,'입금(이체)',NULL,'9994779920967695'),(349,15,5,'2024-09-25 16:51:10.000000',_binary '\0','',2024100715072174066,'입금(이체)',NULL,'9994779920967695'),(350,10,5,'2024-09-25 16:50:38.000000',_binary '\0','',2024100715072174066,'입금(이체)',NULL,'9994779920967695'),(351,5,5,'2024-09-25 16:42:22.000000',_binary '\0','',2024100715072174066,'출금(이체)',NULL,'9994779920967695'),(352,10,5,'2024-09-25 16:37:11.000000',_binary '\0','',2024100715072174066,'출금(이체)',NULL,'9994779920967695'),(353,15,5,'2024-09-25 16:35:37.000000',_binary '\0','',2024100715072174066,'출금(이체)',NULL,'9994779920967695'),(354,20,5,'2024-09-25 16:30:30.000000',_binary '\0','',2024100715072174066,'출금(이체)',NULL,'9994779920967695'),(355,25,5,'2024-09-25 16:24:52.000000',_binary '\0','',2024100715072174066,'출금(이체)',NULL,'9994779920967695'),(356,30,5,'2024-09-25 16:04:38.000000',_binary '\0','',2024100715072174066,'출금(이체)',NULL,'9994779920967695'),(357,35,5,'2024-09-25 16:03:31.000000',_binary '\0','',2024100715072174066,'출금(이체)',NULL,'9994779920967695'),(358,40,5,'2024-09-25 16:03:12.000000',_binary '\0','',2024100715072174066,'출금(이체)',NULL,'9994779920967695'),(359,45,5,'2024-09-25 16:01:11.000000',_binary '\0','',2024100715072174066,'출금(이체)',NULL,'9994779920967695'),(360,50,5,'2024-09-25 15:55:33.000000',_binary '\0','',2024100715072174066,'출금(이체)',NULL,'9994779920967695'),(361,55,1,'2024-09-25 15:52:38.000000',_binary '\0','',2024100715072174066,'입금',NULL,''),(362,54,1,'2024-09-25 15:48:35.000000',_binary '\0','',2024100715072174066,'입금',NULL,''),(363,53,5,'2024-09-25 14:31:35.000000',_binary '\0','',2024100715072174066,'출금(이체)',NULL,'9994779920967695'),(364,58,1,'2024-09-25 10:15:36.000000',_binary '\0','',2024100715072174066,'입금',NULL,''),(365,57,1,'2024-09-24 13:42:20.000000',_binary '\0','',2024100715072174066,'입금',NULL,''),(366,56,1,'2024-09-24 12:33:14.000000',_binary '\0','',2024100715072174066,'입금',NULL,''),(367,55,1,'2024-09-24 12:32:40.000000',_binary '\0','',2024100715072174066,'입금',NULL,''),(368,54,1,'2024-09-24 12:26:44.000000',_binary '\0','',2024100715072174066,'입금',NULL,''),(369,53,1,'2024-09-24 12:22:51.000000',_binary '\0','',2024100715072174066,'입금',NULL,''),(370,52,1,'2024-09-24 11:22:03.000000',_binary '\0','',2024100715072174066,'입금',NULL,''),(371,51,1,'2024-09-24 11:21:17.000000',_binary '\0','',2024100715072174066,'입금',NULL,''),(372,50,1,'2024-09-24 11:21:10.000000',_binary '\0','',2024100715072174066,'입금',NULL,''),(373,49,1,'2024-09-24 11:20:43.000000',_binary '\0','',2024100715072174066,'입금',NULL,''),(374,48,1,'2024-09-24 11:18:42.000000',_binary '\0','',2024100715072174066,'입금',NULL,''),(375,47,1,'2024-09-24 11:17:58.000000',_binary '\0','',2024100715072174066,'입금',NULL,''),(376,46,1,'2024-09-24 11:16:22.000000',_binary '\0','',2024100715072174066,'입금',NULL,''),(377,45,1,'2024-09-24 11:09:26.000000',_binary '\0','',2024100715072174066,'입금',NULL,''),(378,44,1,'2024-09-24 10:59:35.000000',_binary '\0','',2024100715072174066,'입금',NULL,''),(379,43,1,'2024-09-24 10:55:33.000000',_binary '\0','',2024100715072174066,'입금',NULL,''),(380,42,1,'2024-09-24 10:40:30.000000',_binary '\0','',2024100715072174066,'입금',NULL,''),(381,41,1,'2024-09-24 10:35:25.000000',_binary '\0','',2024100715072174066,'입금',NULL,''),(382,40,1,'2024-09-24 10:34:03.000000',_binary '\0','',2024100715072174066,'입금',NULL,''),(383,39,1,'2024-09-24 10:31:06.000000',_binary '\0','',2024100715072174066,'입금',NULL,''),(384,38,1,'2024-09-24 10:28:45.000000',_binary '\0','',2024100715072174066,'입금',NULL,''),(385,37,1,'2024-09-24 10:24:12.000000',_binary '\0','',2024100715072174066,'입금',NULL,''),(386,36,1,'2024-09-24 10:14:19.000000',_binary '\0','',2024100715072174066,'입금',NULL,''),(387,35,1,'2024-09-24 10:11:53.000000',_binary '\0','',2024100715072174066,'입금',NULL,''),(388,34,1,'2024-09-23 21:51:24.000000',_binary '\0','',2024100715072174066,'입금',NULL,''),(389,33,1,'2024-09-23 21:49:29.000000',_binary '\0','',2024100715072174066,'입금',NULL,''),(390,32,1,'2024-09-23 21:43:51.000000',_binary '\0','',2024100715072174066,'입금',NULL,''),(391,31,1,'2024-09-23 21:41:48.000000',_binary '\0','',2024100715072174066,'입금',NULL,''),(392,30,1,'2024-09-23 21:40:42.000000',_binary '\0','',2024100715072174066,'입금',NULL,''),(393,29,1,'2024-09-23 21:33:06.000000',_binary '\0','',2024100715072174066,'입금',NULL,''),(394,28,1,'2024-09-23 17:24:24.000000',_binary '\0','',2024100715072174066,'입금',NULL,''),(395,27,1,'2024-09-20 17:03:05.000000',_binary '\0','',2024100715072174066,'입금',NULL,''),(396,26,1,'2024-09-20 14:31:19.000000',_binary '\0','',2024100715072174066,'입금',NULL,''),(397,25,1,'2024-09-20 14:25:31.000000',_binary '\0','',2024100715072174066,'입금',NULL,''),(398,24,1,'2024-09-20 14:23:35.000000',_binary '\0','',2024100715072174066,'입금',NULL,''),(399,23,1,'2024-09-20 14:19:17.000000',_binary '\0','',2024100715072174066,'입금',NULL,''),(400,22,1,'2024-09-20 14:14:36.000000',_binary '\0','',2024100715072174066,'입금',NULL,''),(401,21,1,'2024-09-20 14:10:00.000000',_binary '\0','',2024100715072174066,'입금',NULL,''),(402,20,1,'2024-09-20 14:07:27.000000',_binary '\0','',2024100715072174066,'입금',NULL,''),(403,19,1,'2024-09-20 14:04:37.000000',_binary '\0','',2024100715072174066,'입금',NULL,''),(404,18,1,'2024-09-20 14:00:42.000000',_binary '\0','',2024100715072174066,'입금',NULL,''),(405,17,1,'2024-09-20 13:54:47.000000',_binary '\0','',2024100715072174066,'입금',NULL,''),(406,16,1,'2024-09-13 08:35:20.000000',_binary '\0','',2024100715072174066,'입금',NULL,''),(407,15,1,'2024-09-12 15:59:57.000000',_binary '\0','',2024100715072174066,'입금',NULL,''),(408,14,1,'2024-09-12 15:42:00.000000',_binary '\0','',2024100715072174066,'입금',NULL,''),(409,13,1,'2024-09-12 15:41:51.000000',_binary '\0','',2024100715072174066,'입금',NULL,''),(410,12,1,'2024-09-12 15:10:15.000000',_binary '\0','',2024100715072174066,'입금',NULL,''),(411,11,1,'2024-09-12 15:10:08.000000',_binary '\0','',2024100715072174066,'입금',NULL,''),(412,10,1,'2024-09-12 15:08:11.000000',_binary '\0','',2024100715072174066,'입금',NULL,''),(413,9,1,'2024-09-12 10:54:15.000000',_binary '\0','',2024100715072174066,'입금',NULL,''),(414,8,1,'2024-09-12 10:42:38.000000',_binary '\0','',2024100715072174066,'입금',NULL,''),(415,7,1,'2024-09-11 18:38:41.000000',_binary '\0','',2024100715072174066,'입금',NULL,''),(416,6,1,'2024-09-11 18:30:34.000000',_binary '\0','',2024100715072174066,'입금',NULL,''),(417,5,1,'2024-09-11 18:27:44.000000',_binary '\0','',2024100715072174066,'입금',NULL,''),(418,4,1,'2024-09-11 18:09:07.000000',_binary '\0','',2024100715072174066,'입금',NULL,''),(419,3,1,'2024-09-11 16:07:26.000000',_binary '\0','',2024100715072174066,'입금',NULL,''),(420,2,1,'2024-09-11 15:35:18.000000',_binary '\0','',2024100715072174066,'입금',NULL,''),(421,1,1,'2024-09-11 15:16:05.000000',_binary '\0','',2024100715072174066,'입금',NULL,''),(422,1,1,'2024-10-08 13:22:33.000000',_binary '\0','',2024100813234912259,'입금',NULL,''),(423,254013,1,'2024-10-08 13:27:58.000000',_binary '\0','',2024100813281963652,'입금',NULL,''),(424,254012,1,'2024-10-07 15:38:47.000000',_binary '\0','',2024100813281963652,'입금',NULL,''),(425,254011,254000,'2024-10-03 20:13:13.000000',_binary '\0','',2024100813281963652,'입금',NULL,''),(426,11,1,'2024-10-03 15:52:09.000000',_binary '\0','',2024100813281963652,'입금',NULL,''),(427,10,1,'2024-10-03 12:09:29.000000',_binary '\0','',2024100813281963652,'입금',NULL,''),(428,9,1,'2024-10-02 16:22:47.000000',_binary '\0','',2024100813281963652,'입금(이체)',NULL,'9995432733335658'),(429,8,1,'2024-10-02 16:12:12.000000',_binary '\0','',2024100813281963652,'입금(이체)',NULL,'9995432733335658'),(430,7,1,'2024-10-02 16:08:05.000000',_binary '\0','',2024100813281963652,'입금(이체)',NULL,'9995432733335658'),(431,6,1,'2024-10-02 15:41:03.000000',_binary '\0','',2024100813281963652,'입금(이체)',NULL,'9995432733335658'),(432,5,1,'2024-10-02 15:35:20.000000',_binary '\0','',2024100813281963652,'입금(이체)',NULL,'9995432733335658'),(433,4,1,'2024-10-02 09:38:50.000000',_binary '\0','',2024100813281963652,'입금(이체)',NULL,'9995432733335658'),(434,3,1,'2024-10-02 09:38:21.000000',_binary '\0','',2024100813281963652,'입금(이체)',NULL,'9995432733335658'),(435,2,1,'2024-10-02 09:37:00.000000',_binary '\0','',2024100813281963652,'입금',NULL,''),(436,1,1,'2024-10-02 09:30:09.000000',_binary '\0','',2024100813281963652,'입금',NULL,''),(437,6,1,'2024-10-08 17:38:42.000000',_binary '\0','',2024100817385679220,'입금',NULL,''),(438,5,1,'2024-10-08 17:30:52.000000',_binary '\0','',2024100817385679220,'입금',NULL,''),(439,4,1,'2024-10-08 17:10:31.000000',_binary '\0','',2024100817385679220,'입금',NULL,''),(440,3,1,'2024-10-08 16:58:42.000000',_binary '\0','',2024100817385679220,'입금',NULL,''),(441,2,1,'2024-10-03 19:33:36.000000',_binary '\0','',2024100817385679220,'입금',NULL,''),(442,1,1,'2024-10-01 16:10:45.000000',_binary '\0','',2024100817385679220,'입금',NULL,''),(443,6,1,'2024-10-08 17:56:36.000000',_binary '\0','',2024100817571947952,'입금',NULL,''),(444,5,1,'2024-10-08 17:42:57.000000',_binary '\0','',2024100817571947952,'입금',NULL,''),(445,4,1,'2024-10-08 17:36:30.000000',_binary '\0','',2024100817571947952,'입금',NULL,''),(446,3,1,'2024-10-02 12:23:13.000000',_binary '\0','',2024100817571947952,'입금',NULL,''),(447,2,1,'2024-10-02 12:23:03.000000',_binary '\0','',2024100817571947952,'입금',NULL,''),(448,1,1,'2024-10-02 12:18:54.000000',_binary '\0','',2024100817571947952,'입금',NULL,''),(449,999822,100,'2024-10-08 18:08:07.000000',_binary '\0','',2024100715072174066,'출금(이체)',NULL,'0044297523095093'),(450,203,100,'2024-10-08 18:08:07.000000',_binary '\0','',2024100813234912259,'입금(이체)',NULL,'9995432733335658'),(451,999053,1000,'2024-10-08 20:59:27.000000',_binary '\0','',2024100710522739163,'출금(이체)',NULL,'9995432733335658'),(452,1000822,1000,'2024-10-08 20:59:27.000000',_binary '\0','',2024100715072174066,'입금(이체)',NULL,'9994779920967695'),(453,1000722,100,'2024-10-08 21:01:21.000000',_binary '\0','',2024100715072174066,'출금(이체)',NULL,'0044297523095093'),(454,303,100,'2024-10-08 21:01:21.000000',_binary '\0','',2024100813234912259,'입금(이체)',NULL,'9995432733335658'),(455,1000622,100,'2024-10-08 21:26:26.000000',_binary '\0','',2024100715072174066,'출금(이체)',NULL,'0044297523095093'),(456,403,100,'2024-10-08 21:26:26.000000',_binary '\0','',2024100813234912259,'입금(이체)',NULL,'9995432733335658'),(457,1000522,100,'2024-10-08 21:41:42.000000',_binary '\0','',2024100715072174066,'출금(이체)',NULL,'0044297523095093'),(458,503,100,'2024-10-08 21:41:42.000000',_binary '\0','',2024100813234912259,'입금(이체)',NULL,'9995432733335658'),(459,998522,2000,'2024-10-08 21:55:37.000000',_binary '\0','',2024100715072174066,'출금(이체)',NULL,'0044297523095093'),(460,2503,2000,'2024-10-08 21:55:37.000000',_binary '\0','',2024100813234912259,'입금(이체)',NULL,'9995432733335658'),(461,1303,1200,'2024-10-09 12:16:51.000000',_binary '\0','',2024100813234912259,'출금(이체)',NULL,'0906257711137855'),(462,255213,1200,'2024-10-09 12:16:51.000000',_binary '\0','',2024100813281963652,'입금(이체)',NULL,'0044297523095093'),(463,103,1200,'2024-10-09 12:20:11.000000',_binary '\0','',2024100813234912259,'출금(이체)',NULL,'0906257711137855'),(464,256413,1200,'2024-10-09 12:20:11.000000',_binary '\0','',2024100813281963652,'입금(이체)',NULL,'0044297523095093'),(465,998053,1000,'2024-10-09 12:22:51.000000',_binary '\0','',2024100710522739163,'출금(이체)',NULL,'9995432733335658'),(466,999522,1000,'2024-10-09 12:22:51.000000',_binary '\0','',2024100715072174066,'입금(이체)',NULL,'9994779920967695'),(467,6,1,'2024-10-09 15:01:50.000000',_binary '\0','',2024100915015711788,'입금',NULL,''),(468,5,1,'2024-10-08 19:50:58.000000',_binary '\0','',2024100915015711788,'입금',NULL,''),(469,4,1,'2024-10-08 17:26:41.000000',_binary '\0','',2024100915015711788,'입금',NULL,''),(470,3,1,'2024-10-08 17:07:23.000000',_binary '\0','',2024100915015711788,'입금',NULL,''),(471,2,1,'2024-10-02 11:13:50.000000',_binary '\0','',2024100915015711788,'입금',NULL,''),(472,1,1,'2024-10-02 11:13:26.000000',_binary '\0','',2024100915015711788,'입금',NULL,''),(473,150006,1,'2024-10-09 15:02:08.000000',_binary '\0','',2024100915022124073,'입금',NULL,''),(474,150005,1,'2024-10-08 16:51:18.000000',_binary '\0','',2024100915022124073,'입금',NULL,''),(475,150004,150000,'2024-10-07 10:36:57.000000',_binary '\0','',2024100915022124073,'입금',NULL,''),(476,4,1,'2024-10-07 10:35:36.000000',_binary '\0','',2024100915022124073,'입금',NULL,''),(477,3,1,'2024-10-02 11:02:48.000000',_binary '\0','',2024100915022124073,'입금',NULL,''),(478,2,1,'2024-10-02 11:02:09.000000',_binary '\0','',2024100915022124073,'입금',NULL,''),(479,1,1,'2024-10-02 11:00:32.000000',_binary '\0','',2024100915022124073,'입금',NULL,''),(480,100,3,'2024-10-09 15:31:06.000000',_binary '\0','',2024100813234912259,'출금(이체)',NULL,'0906257711137855'),(481,256416,3,'2024-10-09 15:31:06.000000',_binary '\0','',2024100813281963652,'입금(이체)',NULL,'0044297523095093'),(482,99,1,'2024-10-09 15:50:00.000000',_binary '\0','',2024100813234912259,'출금(이체)',NULL,'0906257711137855'),(483,256417,1,'2024-10-09 15:50:00.000000',_binary '\0','',2024100813281963652,'입금(이체)',NULL,'0044297523095093'),(484,495006,5000,'2024-10-09 16:25:32.000000',_binary '\0','',2024100817385679220,'출금(이체)',NULL,'0119642190636736'),(485,5006,5000,'2024-10-09 16:25:32.000000',_binary '\0','',2024100817571947952,'입금(이체)',NULL,'0015727179325543'),(486,489006,6000,'2024-10-09 16:26:20.000000',_binary '\0','',2024100817385679220,'출금(이체)',NULL,'0119642190636736'),(487,11006,6000,'2024-10-09 16:26:20.000000',_binary '\0','',2024100817571947952,'입금(이체)',NULL,'0015727179325543'),(488,6,11000,'2024-10-09 16:26:20.000000',_binary '\0','',2024100817571947952,'출금(이체)',NULL,'0015727179325543'),(489,500006,11000,'2024-10-09 16:26:20.000000',_binary '\0','',2024100817385679220,'입금(이체)',NULL,'0119642190636736'),(490,490006,10000,'2024-10-09 16:32:51.000000',_binary '\0','',2024100817385679220,'출금(이체)',NULL,'0119642190636736'),(491,10006,10000,'2024-10-09 16:32:51.000000',_binary '\0','',2024100817571947952,'입금(이체)',NULL,'0015727179325543'),(492,156417,100000,'2024-10-09 17:05:10.000000',_binary '\0','',2024100813281963652,'출금(이체)',NULL,'0044297523095093'),(493,100099,100000,'2024-10-09 17:05:10.000000',_binary '\0','',2024100813234912259,'입금(이체)',NULL,'0906257711137855'),(494,99599,500,'2024-10-09 17:05:48.000000',_binary '\0','',2024100813234912259,'출금(이체)',NULL,'0906257711137855'),(495,156917,500,'2024-10-09 17:05:48.000000',_binary '\0','',2024100813281963652,'입금(이체)',NULL,'0044297523095093'),(496,487006,3000,'2024-10-09 18:19:45.000000',_binary '\0','',2024100817385679220,'출금(이체)',NULL,'0119642190636736'),(497,13006,3000,'2024-10-09 18:19:45.000000',_binary '\0','',2024100817571947952,'입금(이체)',NULL,'0015727179325543'),(498,485006,2000,'2024-10-09 18:48:10.000000',_binary '\0','',2024100817385679220,'출금(이체)',NULL,'0119642190636736'),(499,15006,2000,'2024-10-09 18:48:10.000000',_binary '\0','',2024100817571947952,'입금(이체)',NULL,'0015727179325543'),(500,479006,6000,'2024-10-09 18:49:26.000000',_binary '\0','',2024100817385679220,'출금(이체)',NULL,'0119642190636736'),(501,21006,6000,'2024-10-09 18:49:26.000000',_binary '\0','',2024100817571947952,'입금(이체)',NULL,'0015727179325543'),(502,6917,150000,'2024-10-09 21:29:00.000000',_binary '\0','',2024100813281963652,'출금(이체)',NULL,'0044297523095093'),(503,249599,150000,'2024-10-09 21:29:00.000000',_binary '\0','',2024100813234912259,'입금(이체)',NULL,'0906257711137855'),(504,6517,400,'2024-10-09 21:30:52.000000',_binary '\0','',2024100813281963652,'출금(이체)',NULL,'0044297523095093'),(505,249999,400,'2024-10-09 21:30:52.000000',_binary '\0','',2024100813234912259,'입금(이체)',NULL,'0906257711137855'),(506,6417,100,'2024-10-09 21:31:15.000000',_binary '\0','',2024100813281963652,'출금(이체)',NULL,'0044297523095093'),(507,250099,100,'2024-10-09 21:31:15.000000',_binary '\0','',2024100813234912259,'입금(이체)',NULL,'0906257711137855'),(508,249599,500,'2024-10-09 21:31:15.000000',_binary '\0','',2024100813234912259,'출금(이체)',NULL,'0906257711137855'),(509,6917,500,'2024-10-09 21:31:15.000000',_binary '\0','',2024100813281963652,'입금(이체)',NULL,'0044297523095093'),(510,5917,1000,'2024-10-09 21:32:20.000000',_binary '\0','',2024100813281963652,'출금(이체)',NULL,'0044297523095093'),(511,250599,1000,'2024-10-09 21:32:20.000000',_binary '\0','',2024100813234912259,'입금(이체)',NULL,'0906257711137855'),(512,249599,1000,'2024-10-09 21:32:20.000000',_binary '\0','',2024100813234912259,'출금(이체)',NULL,'0906257711137855'),(513,6917,1000,'2024-10-09 21:32:20.000000',_binary '\0','',2024100813281963652,'입금(이체)',NULL,'0044297523095093'),(514,6317,600,'2024-10-09 21:33:29.000000',_binary '\0','',2024100813281963652,'출금(이체)',NULL,'0044297523095093'),(515,250199,600,'2024-10-09 21:33:30.000000',_binary '\0','',2024100813234912259,'입금(이체)',NULL,'0906257711137855'),(516,249599,600,'2024-10-09 21:33:30.000000',_binary '\0','',2024100813234912259,'출금(이체)',NULL,'0906257711137855'),(517,6917,600,'2024-10-09 21:33:30.000000',_binary '\0','',2024100813281963652,'입금(이체)',NULL,'0044297523095093'),(518,917,6000,'2024-10-09 21:58:52.000000',_binary '\0','',2024100813281963652,'출금(이체)',NULL,'0044297523095093'),(519,255599,6000,'2024-10-09 21:58:52.000000',_binary '\0','',2024100813234912259,'입금(이체)',NULL,'0906257711137855'),(520,1000867,50,'2024-10-09 22:04:38.000000',_binary '\0','',2024100813281963652,'출금(이체)',NULL,'0044297523095093'),(521,255649,50,'2024-10-09 22:04:38.000000',_binary '\0','',2024100813234912259,'입금(이체)',NULL,'0906257711137855'),(522,999867,1000,'2024-10-09 22:05:27.000000',_binary '\0','',2024100813281963652,'출금(이체)',NULL,'0044297523095093'),(523,256649,1000,'2024-10-09 22:05:27.000000',_binary '\0','',2024100813234912259,'입금(이체)',NULL,'0906257711137855'),(524,499867,500000,'2024-10-09 22:05:48.000000',_binary '\0','',2024100813281963652,'출금(이체)',NULL,'0044297523095093'),(525,756649,500000,'2024-10-09 22:05:48.000000',_binary '\0','',2024100813234912259,'입금(이체)',NULL,'0906257711137855'),(526,1,1,'2024-10-09 22:10:38.000000',_binary '\0','',2024100922104976265,'입금',NULL,''),(527,1,1,'2024-10-09 22:11:05.000000',_binary '\0','',2024100922111392943,'입금',NULL,''),(528,755949,700,'2024-10-09 22:11:39.000000',_binary '\0','',2024100813234912259,'출금(이체)',NULL,'0906257711137855'),(529,500567,700,'2024-10-09 22:11:39.000000',_binary '\0','',2024100813281963652,'입금(이체)',NULL,'0044297523095093'),(530,754949,1000,'2024-10-09 22:17:04.000000',_binary '\0','',2024100813234912259,'출금(이체)',NULL,'0906257711137855'),(531,501567,1000,'2024-10-09 22:17:04.000000',_binary '\0','',2024100813281963652,'입금(이체)',NULL,'0044297523095093'),(532,753949,1000,'2024-10-09 22:17:06.000000',_binary '\0','',2024100813234912259,'출금(이체)',NULL,'0906257711137855'),(533,502567,1000,'2024-10-09 22:17:06.000000',_binary '\0','',2024100813281963652,'입금(이체)',NULL,'0044297523095093'),(534,1,1,'2024-10-10 00:29:10.000000',_binary '\0','',2024101000292431351,'입금',NULL,''),(535,457583,21423,'2024-10-10 03:57:25.000000',_binary '\0','',2024100817385679220,'출금(이체)',NULL,'0119642190636736'),(536,42429,21423,'2024-10-10 03:57:25.000000',_binary '\0','',2024100817571947952,'입금(이체)',NULL,'0015727179325543'),(537,4006,38423,'2024-10-10 03:57:25.000000',_binary '\0','',2024100817571947952,'출금(이체)',NULL,'0015727179325543'),(538,496006,38423,'2024-10-10 03:57:25.000000',_binary '\0','',2024100817385679220,'입금(이체)',NULL,'0119642190636736'),(539,296006,200000,'2024-10-10 03:58:21.000000',_binary '\0','',2024100817385679220,'출금(이체)',NULL,'0119642190636736'),(540,204006,200000,'2024-10-10 03:58:21.000000',_binary '\0','',2024100817571947952,'입금(이체)',NULL,'0015727179325543'),(541,194006,10000,'2024-10-10 03:59:54.000000',_binary '\0','',2024100817571947952,'출금(이체)',NULL,'0015727179325543'),(542,306006,10000,'2024-10-10 03:59:54.000000',_binary '\0','',2024100817385679220,'입금(이체)',NULL,'0119642190636736'),(543,193906,100,'2024-10-10 10:40:42.000000',_binary '\0','',2024100817571947952,'출금(이체)',NULL,'0015727179325543'),(544,306106,100,'2024-10-10 10:40:42.000000',_binary '\0','',2024100817385679220,'입금(이체)',NULL,'0119642190636736'),(545,306066,40,'2024-10-10 10:41:31.000000',_binary '\0','',2024100817385679220,'출금(이체)',NULL,'0119642190636736'),(546,193946,40,'2024-10-10 10:41:31.000000',_binary '\0','',2024100817571947952,'입금(이체)',NULL,'0015727179325543'),(547,1,1,'2024-10-10 12:47:45.000000',_binary '\0','',2024101012475260764,'입금',NULL,''),(548,296066,10000,'2024-10-10 13:14:22.000000',_binary '\0','',2024100817385679220,'출금(이체)',NULL,'0119642190636736'),(549,203946,10000,'2024-10-10 13:14:22.000000',_binary '\0','',2024100817571947952,'입금(이체)',NULL,'0015727179325543'),(550,188906,15040,'2024-10-10 13:14:22.000000',_binary '\0','',2024100817571947952,'출금(이체)',NULL,'0015727179325543'),(551,311106,15040,'2024-10-10 13:14:22.000000',_binary '\0','',2024100817385679220,'입금(이체)',NULL,'0119642190636736'),(552,211106,100000,'2024-10-10 13:15:45.000000',_binary '\0','',2024100817385679220,'출금(이체)',NULL,'0119642190636736'),(553,288906,100000,'2024-10-10 13:15:45.000000',_binary '\0','',2024100817571947952,'입금(이체)',NULL,'0015727179325543'),(554,11106,200000,'2024-10-10 13:16:28.000000',_binary '\0','',2024100817385679220,'출금(이체)',NULL,'0119642190636736'),(555,488906,200000,'2024-10-10 13:16:28.000000',_binary '\0','',2024100817571947952,'입금(이체)',NULL,'0015727179325543'),(556,188806,300100,'2024-10-10 13:16:29.000000',_binary '\0','',2024100817571947952,'출금(이체)',NULL,'0015727179325543'),(557,311206,300100,'2024-10-10 13:16:29.000000',_binary '\0','',2024100817385679220,'입금(이체)',NULL,'0119642190636736'),(558,178806,10000,'2024-10-10 13:17:09.000000',_binary '\0','',2024100817571947952,'출금(이체)',NULL,'0015727179325543'),(559,321206,10000,'2024-10-10 13:17:09.000000',_binary '\0','',2024100817385679220,'입금(이체)',NULL,'0119642190636736'),(561,1,1,'2024-10-10 20:03:32.000000',_binary '\0','',2024101020034638180,'입금',NULL,''),(562,2,1,'2024-10-10 20:03:32.000000',_binary '\0','',2024101020034772112,'입금',NULL,''),(563,1,1,'2024-10-10 17:32:33.000000',_binary '\0','',2024101020034772112,'입금',NULL,''),(564,3002,20000,'2024-10-10 22:19:25.000000',_binary '\0','',2024101020034772112,'출금(이체)',NULL,'0044938997688479'),(565,1520001,20000,'2024-10-10 22:19:25.000000',_binary '\0','',2024101020034638180,'입금(이체)',NULL,'0043765452080821'),(566,123002,80000,'2024-10-10 22:20:41.000000',_binary '\0','',2024101020034772112,'출금(이체)',NULL,'0044938997688479'),(567,1600001,80000,'2024-10-10 22:20:41.000000',_binary '\0','',2024101020034638180,'입금(이체)',NULL,'0043765452080821'),(568,1490001,110000,'2024-10-10 22:20:41.000000',_binary '\0','',2024101020034638180,'출금(이체)',NULL,'0043765452080821'),(569,233002,110000,'2024-10-10 22:20:41.000000',_binary '\0','',2024101020034772112,'입금(이체)',NULL,'0044938997688479'),(570,1489901,100,'2024-10-10 22:24:24.000000',_binary '\0','',2024101020034638180,'출금(이체)',NULL,'0043765452080821'),(571,233102,100,'2024-10-10 22:24:25.000000',_binary '\0','',2024101020034772112,'입금(이체)',NULL,'0044938997688479'),(572,851023,2000,'2024-10-10 23:14:24.000000',_binary '\0','',2024100715072174066,'출금(이체)',NULL,'9994779920967695'),(573,1000053,2000,'2024-10-10 23:14:24.000000',_binary '\0','',2024100710522739163,'입금(이체)',NULL,'9995432733335658'),(574,1,1,'2024-10-11 00:20:07.000000',_binary '\0','',2024101100203976414,'입금',NULL,''),(575,175806,3000,'2024-10-11 00:26:41.000000',_binary '\0','',2024100817571947952,'출금(이체)',NULL,'0015727179325543'),(576,324206,3000,'2024-10-11 00:26:41.000000',_binary '\0','',2024100817385679220,'입금(이체)',NULL,'0119642190636736'),(577,323186,1020,'2024-10-11 00:32:32.000000',_binary '\0','',2024100817385679220,'출금(이체)',NULL,'0119642190636736'),(578,176826,1020,'2024-10-11 00:32:32.000000',_binary '\0','',2024100817571947952,'입금(이체)',NULL,'0015727179325543'),(579,322186,1000,'2024-10-11 01:16:53.000000',_binary '\0','',2024100817385679220,'출금(이체)',NULL,'0119642190636736'),(580,177826,1000,'2024-10-11 01:16:53.000000',_binary '\0','',2024100817571947952,'입금(이체)',NULL,'0015727179325543'),(581,312186,10000,'2024-10-11 01:16:56.000000',_binary '\0','',2024100817385679220,'출금(이체)',NULL,'0119642190636736'),(582,187826,10000,'2024-10-11 01:16:56.000000',_binary '\0','',2024100817571947952,'입금(이체)',NULL,'0015727179325543'),(583,1,1,'2024-10-11 02:17:03.000000',_binary '\0','',2024101102171197072,'입금',NULL,''),(584,292186,20000,'2024-10-11 02:58:08.000000',_binary '\0','',2024100817385679220,'출금(이체)',NULL,'0119642190636736'),(585,207826,20000,'2024-10-11 02:58:08.000000',_binary '\0','',2024100817571947952,'입금(이체)',NULL,'0015727179325543'),(586,288186,4000,'2024-10-11 03:02:11.000000',_binary '\0','',2024100817385679220,'출금(이체)',NULL,'0119642190636736'),(587,211826,4000,'2024-10-11 03:02:11.000000',_binary '\0','',2024100817571947952,'입금(이체)',NULL,'0015727179325543'),(588,211126,700,'2024-10-11 03:26:38.000000',_binary '\0','',2024100817571947952,'출금(이체)',NULL,'0015727179325543'),(589,288886,700,'2024-10-11 03:26:38.000000',_binary '\0','',2024100817385679220,'입금(이체)',NULL,'0119642190636736'),(590,1,1,'2024-10-11 03:37:32.000000',_binary '\0','',2024101103373981108,'입금',NULL,''),(591,288786,100,'2024-10-11 08:35:31.000000',_binary '\0','',2024100817385679220,'출금(이체)',NULL,'0119642190636736'),(592,211226,100,'2024-10-11 08:35:31.000000',_binary '\0','',2024100817571947952,'입금(이체)',NULL,'0015727179325543'),(593,1488901,1000,'2024-10-11 08:51:50.000000',_binary '\0','',2024101020034638180,'출금(이체)',NULL,'0043765452080821'),(594,234102,1000,'2024-10-11 08:51:50.000000',_binary '\0','',2024101020034772112,'입금(이체)',NULL,'0044938997688479'),(595,184102,50000,'2024-10-11 08:53:32.000000',_binary '\0','',2024101020034772112,'출금(이체)',NULL,'0044938997688479'),(596,1538901,50000,'2024-10-11 08:53:32.000000',_binary '\0','',2024101020034638180,'입금(이체)',NULL,'0043765452080821'),(597,134102,50000,'2024-10-11 08:53:36.000000',_binary '\0','',2024101020034772112,'출금(이체)',NULL,'0044938997688479'),(598,1588901,50000,'2024-10-11 08:53:36.000000',_binary '\0','',2024101020034638180,'입금(이체)',NULL,'0043765452080821'),(599,238786,50000,'2024-10-11 08:59:04.000000',_binary '\0','',2024100817385679220,'출금(이체)',NULL,'0119642190636736'),(600,261226,50000,'2024-10-11 08:59:04.000000',_binary '\0','',2024100817571947952,'입금(이체)',NULL,'0015727179325543'),(601,261115,111,'2024-10-11 09:38:51.000000',_binary '\0','',2024100817571947952,'출금(이체)',NULL,'0015727179325543'),(602,238897,111,'2024-10-11 09:38:51.000000',_binary '\0','',2024100817385679220,'입금(이체)',NULL,'0119642190636736'),(603,251115,10000,'2024-10-11 09:38:55.000000',_binary '\0','',2024100817571947952,'출금(이체)',NULL,'0015727179325543'),(604,248897,10000,'2024-10-11 09:38:56.000000',_binary '\0','',2024100817385679220,'입금(이체)',NULL,'0119642190636736'),(605,241115,10000,'2024-10-11 09:39:52.000000',_binary '\0','',2024100817571947952,'출금(이체)',NULL,'0015727179325543'),(606,258897,10000,'2024-10-11 09:39:52.000000',_binary '\0','',2024100817385679220,'입금(이체)',NULL,'0119642190636736'),(607,1588401,500,'2024-10-11 09:43:06.000000',_binary '\0','',2024101020034638180,'출금(이체)',NULL,'0043765452080821'),(608,134602,500,'2024-10-11 09:43:06.000000',_binary '\0','',2024101020034772112,'입금(이체)',NULL,'0044938997688479'),(609,1587401,1000,'2024-10-11 09:47:31.000000',_binary '\0','',2024101020034638180,'출금(이체)',NULL,'0043765452080821'),(610,135602,1000,'2024-10-11 09:47:31.000000',_binary '\0','',2024101020034772112,'입금(이체)',NULL,'0044938997688479'),(611,85602,50000,'2024-10-11 09:49:33.000000',_binary '\0','',2024101020034772112,'출금(이체)',NULL,'0044938997688479'),(612,1637401,50000,'2024-10-11 09:49:33.000000',_binary '\0','',2024101020034638180,'입금(이체)',NULL,'0043765452080821'),(613,35602,50000,'2024-10-11 09:49:48.000000',_binary '\0','',2024101020034772112,'출금(이체)',NULL,'0044938997688479'),(614,1687401,50000,'2024-10-11 09:49:48.000000',_binary '\0','',2024101020034638180,'입금(이체)',NULL,'0043765452080821'),(615,231115,10000,'2024-10-11 10:09:39.000000',_binary '\0','',2024100817571947952,'출금(이체)',NULL,'0015727179325543'),(616,268897,10000,'2024-10-11 10:09:39.000000',_binary '\0','',2024100817385679220,'입금(이체)',NULL,'0119642190636736'),(617,1682401,5000,'2024-10-11 10:33:49.000000',_binary '\0','',2024101020034638180,'출금(이체)',NULL,'0043765452080821'),(618,540602,5000,'2024-10-11 10:33:50.000000',_binary '\0','',2024101020034772112,'입금(이체)',NULL,'0044938997688479'),(619,588897,1180000,'2024-10-11 10:33:57.000000',_binary '\0','',2024100817385679220,'출금(이체)',NULL,'0119642190636736'),(620,1411115,1180000,'2024-10-11 10:33:57.000000',_binary '\0','',2024100817571947952,'입금(이체)',NULL,'0015727179325543'),(621,490602,50000,'2024-10-11 10:35:31.000000',_binary '\0','',2024101020034772112,'출금(이체)',NULL,'0044938997688479'),(622,1732401,50000,'2024-10-11 10:35:31.000000',_binary '\0','',2024101020034638180,'입금(이체)',NULL,'0043765452080821'),(623,440602,50000,'2024-10-11 10:35:38.000000',_binary '\0','',2024101020034772112,'출금(이체)',NULL,'0044938997688479'),(624,1782401,50000,'2024-10-11 10:35:38.000000',_binary '\0','',2024101020034638180,'입금(이체)',NULL,'0043765452080821'),(625,340602,100000,'2024-10-11 10:53:38.000000',_binary '\0','',2024101020034772112,'출금(이체)',NULL,'0044938997688479'),(626,1882401,100000,'2024-10-11 10:53:38.000000',_binary '\0','',2024101020034638180,'입금(이체)',NULL,'0043765452080821'),(627,320602,20000,'2024-10-11 10:55:31.000000',_binary '\0','',2024101020034772112,'출금(이체)',NULL,'0044938997688479'),(628,1902401,20000,'2024-10-11 10:55:31.000000',_binary '\0','',2024101020034638180,'입금(이체)',NULL,'0043765452080821'),(629,1902001,400,'2024-10-11 10:56:06.000000',_binary '\0','',2024101020034638180,'출금(이체)',NULL,'0043765452080821'),(630,321002,400,'2024-10-11 10:56:06.000000',_binary '\0','',2024101020034772112,'입금(이체)',NULL,'0044938997688479'),(631,271002,50000,'2024-10-11 11:01:15.000000',_binary '\0','',2024101020034772112,'출금(이체)',NULL,'0044938997688479'),(632,1952001,50000,'2024-10-11 11:01:16.000000',_binary '\0','',2024101020034638180,'입금(이체)',NULL,'0043765452080821'),(633,221002,50000,'2024-10-11 11:01:18.000000',_binary '\0','',2024101020034772112,'출금(이체)',NULL,'0044938997688479'),(634,2002001,50000,'2024-10-11 11:01:18.000000',_binary '\0','',2024101020034638180,'입금(이체)',NULL,'0043765452080821'),(635,538897,50000,'2024-10-11 11:02:07.000000',_binary '\0','',2024100817385679220,'출금(이체)',NULL,'0119642190636736'),(636,1461115,50000,'2024-10-11 11:02:07.000000',_binary '\0','',2024100817571947952,'입금(이체)',NULL,'0015727179325543'),(637,488897,50000,'2024-10-11 11:02:27.000000',_binary '\0','',2024100817385679220,'출금(이체)',NULL,'0119642190636736'),(638,1511115,50000,'2024-10-11 11:02:27.000000',_binary '\0','',2024100817571947952,'입금(이체)',NULL,'0015727179325543'),(639,2001501,500,'2024-10-11 11:05:03.000000',_binary '\0','',2024101020034638180,'출금(이체)',NULL,'0043765452080821'),(640,221502,500,'2024-10-11 11:05:03.000000',_binary '\0','',2024101020034772112,'입금(이체)',NULL,'0044938997688479'),(641,483897,5000,'2024-10-11 11:12:19.000000',_binary '\0','',2024100817385679220,'출금(이체)',NULL,'0119642190636736'),(642,1516115,5000,'2024-10-11 11:12:19.000000',_binary '\0','',2024100817571947952,'입금(이체)',NULL,'0015727179325543'),(643,482897,1000,'2024-10-11 11:13:07.000000',_binary '\0','',2024100817385679220,'출금(이체)',NULL,'0119642190636736'),(644,1517115,1000,'2024-10-11 11:13:07.000000',_binary '\0','',2024100817571947952,'입금(이체)',NULL,'0015727179325543'),(645,171502,50000,'2024-10-11 11:13:43.000000',_binary '\0','',2024101020034772112,'출금(이체)',NULL,'0044938997688479'),(646,2051501,50000,'2024-10-11 11:13:43.000000',_binary '\0','',2024101020034638180,'입금(이체)',NULL,'0043765452080821'),(647,121502,50000,'2024-10-11 11:13:45.000000',_binary '\0','',2024101020034772112,'출금(이체)',NULL,'0044938997688479'),(648,2101501,50000,'2024-10-11 11:13:45.000000',_binary '\0','',2024101020034638180,'입금(이체)',NULL,'0043765452080821'),(649,1512115,5000,'2024-10-11 11:14:26.000000',_binary '\0','',2024100817571947952,'출금(이체)',NULL,'0015727179325543'),(650,487897,5000,'2024-10-11 11:14:26.000000',_binary '\0','',2024100817385679220,'입금(이체)',NULL,'0119642190636736'),(651,485897,2000,'2024-10-11 11:17:11.000000',_binary '\0','',2024100817385679220,'출금(이체)',NULL,'0119642190636736'),(652,1514115,2000,'2024-10-11 11:17:11.000000',_binary '\0','',2024100817571947952,'입금(이체)',NULL,'0015727179325543'),(653,21502,100000,'2024-10-11 11:18:20.000000',_binary '\0','',2024101020034772112,'출금(이체)',NULL,'0044938997688479'),(654,2201501,100000,'2024-10-11 11:18:20.000000',_binary '\0','',2024101020034638180,'입금(이체)',NULL,'0043765452080821'),(655,455897,30000,'2024-10-11 11:18:53.000000',_binary '\0','',2024100817385679220,'출금(이체)',NULL,'0119642190636736'),(656,1544115,30000,'2024-10-11 11:18:53.000000',_binary '\0','',2024100817571947952,'입금(이체)',NULL,'0015727179325543'),(657,445897,10000,'2024-10-11 11:19:51.000000',_binary '\0','',2024100817385679220,'출금(이체)',NULL,'0119642190636736'),(658,1554115,10000,'2024-10-11 11:19:51.000000',_binary '\0','',2024100817571947952,'입금(이체)',NULL,'0015727179325543'),(659,1701501,500000,'2024-10-11 11:20:10.000000',_binary '\0','',2024101020034638180,'출금(이체)',NULL,'0043765452080821'),(660,521502,500000,'2024-10-11 11:20:10.000000',_binary '\0','',2024101020034772112,'입금(이체)',NULL,'0044938997688479'),(661,421502,100000,'2024-10-11 11:20:23.000000',_binary '\0','',2024101020034772112,'출금(이체)',NULL,'0044938997688479'),(662,1801501,100000,'2024-10-11 11:20:23.000000',_binary '\0','',2024101020034638180,'입금(이체)',NULL,'0043765452080821'),(663,440897,5000,'2024-10-11 11:22:44.000000',_binary '\0','',2024100817385679220,'출금(이체)',NULL,'0119642190636736'),(664,1559115,5000,'2024-10-11 11:22:44.000000',_binary '\0','',2024100817571947952,'입금(이체)',NULL,'0015727179325543'),(665,435897,5000,'2024-10-11 11:22:46.000000',_binary '\0','',2024100817385679220,'출금(이체)',NULL,'0119642190636736'),(666,1564115,5000,'2024-10-11 11:22:46.000000',_binary '\0','',2024100817571947952,'입금(이체)',NULL,'0015727179325543'),(667,1539115,20000,'2024-10-11 11:22:46.000000',_binary '\0','',2024100817571947952,'출금(이체)',NULL,'0015727179325543'),(668,460897,20000,'2024-10-11 11:22:46.000000',_binary '\0','',2024100817385679220,'입금(이체)',NULL,'0119642190636736'),(669,455897,5000,'2024-10-11 11:24:29.000000',_binary '\0','',2024100817385679220,'출금(이체)',NULL,'0119642190636736'),(670,1544115,5000,'2024-10-11 11:24:29.000000',_binary '\0','',2024100817571947952,'입금(이체)',NULL,'0015727179325543'),(671,450897,5000,'2024-10-11 11:24:45.000000',_binary '\0','',2024100817385679220,'출금(이체)',NULL,'0119642190636736'),(672,1549115,5000,'2024-10-11 11:24:45.000000',_binary '\0','',2024100817571947952,'입금(이체)',NULL,'0015727179325543'),(673,1529115,20000,'2024-10-11 11:24:46.000000',_binary '\0','',2024100817571947952,'출금(이체)',NULL,'0015727179325543'),(674,470897,20000,'2024-10-11 11:24:46.000000',_binary '\0','',2024100817385679220,'입금(이체)',NULL,'0119642190636736'),(675,463897,7000,'2024-10-11 11:27:00.000000',_binary '\0','',2024100817385679220,'출금(이체)',NULL,'0119642190636736'),(676,1536115,7000,'2024-10-11 11:27:00.000000',_binary '\0','',2024100817571947952,'입금(이체)',NULL,'0015727179325543'),(677,463197,700,'2024-10-11 11:27:04.000000',_binary '\0','',2024100817385679220,'출금(이체)',NULL,'0119642190636736'),(678,1536815,700,'2024-10-11 11:27:04.000000',_binary '\0','',2024100817571947952,'입금(이체)',NULL,'0015727179325543'),(679,1529115,7700,'2024-10-11 11:27:04.000000',_binary '\0','',2024100817571947952,'출금(이체)',NULL,'0015727179325543'),(680,470897,7700,'2024-10-11 11:27:04.000000',_binary '\0','',2024100817385679220,'입금(이체)',NULL,'0119642190636736'),(681,371502,50000,'2024-10-11 11:27:53.000000',_binary '\0','',2024101020034772112,'출금(이체)',NULL,'0044938997688479'),(682,1851501,50000,'2024-10-11 11:27:53.000000',_binary '\0','',2024101020034638180,'입금(이체)',NULL,'0043765452080821'),(683,321502,50000,'2024-10-11 11:27:55.000000',_binary '\0','',2024101020034772112,'출금(이체)',NULL,'0044938997688479'),(684,1901501,50000,'2024-10-11 11:27:55.000000',_binary '\0','',2024101020034638180,'입금(이체)',NULL,'0043765452080821'),(685,1741501,110000,'2024-10-11 11:27:55.000000',_binary '\0','',2024101020034638180,'출금(이체)',NULL,'0043765452080821'),(686,481502,110000,'2024-10-11 11:27:55.000000',_binary '\0','',2024101020034772112,'입금(이체)',NULL,'0044938997688479');
/*!40000 ALTER TABLE `trans` ENABLE KEYS */;
UNLOCK TABLES;
/*!40103 SET TIME_ZONE=@OLD_TIME_ZONE */;

/*!40101 SET SQL_MODE=@OLD_SQL_MODE */;
/*!40014 SET FOREIGN_KEY_CHECKS=@OLD_FOREIGN_KEY_CHECKS */;
/*!40014 SET UNIQUE_CHECKS=@OLD_UNIQUE_CHECKS */;
/*!40101 SET CHARACTER_SET_CLIENT=@OLD_CHARACTER_SET_CLIENT */;
/*!40101 SET CHARACTER_SET_RESULTS=@OLD_CHARACTER_SET_RESULTS */;
/*!40101 SET COLLATION_CONNECTION=@OLD_COLLATION_CONNECTION */;
/*!40111 SET SQL_NOTES=@OLD_SQL_NOTES */;

-- Dump completed on 2024-10-11 11:37:59
