-- MySQL dump 10.13  Distrib 8.0.38, for Win64 (x86_64)
--
-- Host: j11a603.p.ssafy.io    Database: idoncare
-- ------------------------------------------------------
-- Server version	9.0.1

/*!40101 SET @OLD_CHARACTER_SET_CLIENT=@@CHARACTER_SET_CLIENT */;
/*!40101 SET @OLD_CHARACTER_SET_RESULTS=@@CHARACTER_SET_RESULTS */;
/*!40101 SET @OLD_COLLATION_CONNECTION=@@COLLATION_CONNECTION */;
/*!50503 SET NAMES utf8 */;
/*!40103 SET @OLD_TIME_ZONE=@@TIME_ZONE */;
/*!40103 SET TIME_ZONE='+00:00' */;
/*!40014 SET @OLD_UNIQUE_CHECKS=@@UNIQUE_CHECKS, UNIQUE_CHECKS=0 */;
/*!40014 SET @OLD_FOREIGN_KEY_CHECKS=@@FOREIGN_KEY_CHECKS, FOREIGN_KEY_CHECKS=0 */;
/*!40101 SET @OLD_SQL_MODE=@@SQL_MODE, SQL_MODE='NO_AUTO_VALUE_ON_ZERO' */;
/*!40111 SET @OLD_SQL_NOTES=@@SQL_NOTES, SQL_NOTES=0 */;

--
-- Table structure for table `child_info`
--

DROP TABLE IF EXISTS `child_info`;
/*!40101 SET @saved_cs_client     = @@character_set_client */;
/*!50503 SET character_set_client = utf8mb4 */;
CREATE TABLE `child_info` (
  `info_id` bigint NOT NULL AUTO_INCREMENT,
  `coinbox_success_cnt` int DEFAULT NULL,
  `create_at` datetime(6) DEFAULT NULL,
  `delete_yn` bit(1) DEFAULT NULL,
  `mission_success_cnt` int DEFAULT NULL,
  `quiz_rate` int DEFAULT NULL,
  `user_phone` varchar(255) DEFAULT NULL,
  `child_id` bigint DEFAULT NULL,
  PRIMARY KEY (`info_id`),
  UNIQUE KEY `UK6etppf21ao748aokgrgckv5g2` (`child_id`),
  CONSTRAINT `FKp3d79yxhs4t0wu2a2d70kr8yg` FOREIGN KEY (`child_id`) REFERENCES `user` (`user_id`)
) ENGINE=InnoDB DEFAULT CHARSET=utf8mb4 COLLATE=utf8mb4_0900_ai_ci;
/*!40101 SET character_set_client = @saved_cs_client */;

--
-- Dumping data for table `child_info`
--

LOCK TABLES `child_info` WRITE;
/*!40000 ALTER TABLE `child_info` DISABLE KEYS */;
/*!40000 ALTER TABLE `child_info` ENABLE KEYS */;
UNLOCK TABLES;

--
-- Table structure for table `notification`
--

DROP TABLE IF EXISTS `notification`;
/*!40101 SET @saved_cs_client     = @@character_set_client */;
/*!50503 SET character_set_client = utf8mb4 */;
CREATE TABLE `notification` (
  `notification_id` bigint NOT NULL AUTO_INCREMENT,
  `create_at` datetime(6) NOT NULL,
  `delete_yn` bit(1) NOT NULL,
  `is_read` bit(1) NOT NULL,
  `receiver_id` bigint NOT NULL,
  `sender_id` bigint NOT NULL,
  `type` enum('COINBOX_START','MISSION_SUCCESS','QUIZ_SUCCESS','REQUEST_RELATION','LESS_BALANCE','COINBOX_SUCCESS','COINBOX_PUT') NOT NULL,
  `sender_name` varchar(255) NOT NULL,
  PRIMARY KEY (`notification_id`)
) ENGINE=InnoDB AUTO_INCREMENT=233 DEFAULT CHARSET=utf8mb4 COLLATE=utf8mb4_0900_ai_ci;
/*!40101 SET character_set_client = @saved_cs_client */;

--
-- Dumping data for table `notification`
--

LOCK TABLES `notification` WRITE;
/*!40000 ALTER TABLE `notification` DISABLE KEYS */;
INSERT INTO `notification` VALUES (12,'2024-10-07 13:23:26.860297',_binary '\0',_binary '',21,18,'REQUEST_RELATION','최소현'),(13,'2024-10-07 14:03:25.405024',_binary '\0',_binary '',21,18,'REQUEST_RELATION','최소현'),(14,'2024-10-07 14:44:45.637736',_binary '\0',_binary '',21,18,'REQUEST_RELATION','최소현'),(15,'2024-10-07 15:38:09.363597',_binary '\0',_binary '',23,19,'REQUEST_RELATION','윤성현'),(16,'2024-10-07 15:50:34.633802',_binary '\0',_binary '',23,19,'REQUEST_RELATION','윤성현'),(17,'2024-10-07 15:51:03.576667',_binary '\0',_binary '',23,19,'REQUEST_RELATION','윤성현'),(18,'2024-10-07 17:04:10.488205',_binary '\0',_binary '\0',21,18,'MISSION_SUCCESS','최소현'),(19,'2024-10-07 17:05:38.997386',_binary '\0',_binary '\0',21,18,'MISSION_SUCCESS','최소현'),(20,'2024-10-07 17:24:28.615954',_binary '\0',_binary '',21,18,'QUIZ_SUCCESS','최소현'),(21,'2024-10-07 17:27:53.909261',_binary '\0',_binary '',21,18,'COINBOX_START','최소현'),(22,'2024-10-07 18:01:43.392088',_binary '\0',_binary '',23,22,'REQUEST_RELATION','이지흔'),(23,'2024-10-07 19:36:40.342998',_binary '\0',_binary '',23,27,'REQUEST_RELATION','윤성현'),(24,'2024-10-07 19:49:48.790428',_binary '\0',_binary '',23,22,'REQUEST_RELATION','이지흔'),(25,'2024-10-07 20:21:29.070905',_binary '\0',_binary '',22,23,'MISSION_SUCCESS','강신구'),(26,'2024-10-07 20:26:01.036099',_binary '\0',_binary '',16,27,'REQUEST_RELATION','윤성현'),(27,'2024-10-07 20:31:29.625017',_binary '\0',_binary '\0',21,18,'MISSION_SUCCESS','최소현'),(28,'2024-10-07 20:32:58.795020',_binary '\0',_binary '\0',21,18,'MISSION_SUCCESS','최소현'),(29,'2024-10-07 20:39:07.314841',_binary '\0',_binary '',18,21,'MISSION_SUCCESS','최대현'),(30,'2024-10-07 20:39:20.338687',_binary '\0',_binary '',18,21,'MISSION_SUCCESS','최대현'),(31,'2024-10-07 20:45:56.368029',_binary '\0',_binary '',18,21,'MISSION_SUCCESS','최대현'),(32,'2024-10-07 20:50:19.226995',_binary '\0',_binary '',18,21,'MISSION_SUCCESS','최대현'),(33,'2024-10-07 20:53:49.508847',_binary '\0',_binary '',18,21,'MISSION_SUCCESS','최대현'),(34,'2024-10-07 20:58:31.185189',_binary '\0',_binary '',21,27,'REQUEST_RELATION','윤성현'),(35,'2024-10-07 21:08:56.299718',_binary '\0',_binary '',18,21,'MISSION_SUCCESS','최대현'),(36,'2024-10-07 21:18:29.462858',_binary '\0',_binary '',16,27,'REQUEST_RELATION','윤성현'),(37,'2024-10-07 21:19:37.886609',_binary '\0',_binary '\0',18,21,'MISSION_SUCCESS','최대현'),(38,'2024-10-07 21:20:47.398514',_binary '\0',_binary '\0',18,21,'MISSION_SUCCESS','최대현'),(39,'2024-10-07 21:26:09.358099',_binary '\0',_binary '\0',18,21,'MISSION_SUCCESS','최대현'),(40,'2024-10-07 21:34:49.803321',_binary '\0',_binary '\0',18,21,'MISSION_SUCCESS','최대현'),(41,'2024-10-07 22:00:13.014894',_binary '\0',_binary '',16,17,'REQUEST_RELATION','주소영'),(42,'2024-10-08 09:57:56.080861',_binary '\0',_binary '',30,29,'REQUEST_RELATION','테스트'),(43,'2024-10-08 09:59:13.484911',_binary '\0',_binary '',30,29,'REQUEST_RELATION','테스트'),(44,'2024-10-08 10:02:46.024246',_binary '\0',_binary '',30,29,'REQUEST_RELATION','테스트'),(45,'2024-10-08 10:10:00.377772',_binary '\0',_binary '',30,29,'REQUEST_RELATION','테스트'),(46,'2024-10-08 10:13:14.604532',_binary '\0',_binary '',28,27,'REQUEST_RELATION','윤성현'),(47,'2024-10-08 10:25:42.772773',_binary '\0',_binary '',30,29,'REQUEST_RELATION','최부모'),(48,'2024-10-08 10:26:14.731733',_binary '\0',_binary '',30,29,'REQUEST_RELATION','최부모'),(49,'2024-10-08 13:30:32.590584',_binary '\0',_binary '',22,23,'MISSION_SUCCESS','강신구'),(50,'2024-10-08 14:39:59.396317',_binary '\0',_binary '',31,22,'REQUEST_RELATION','이지흔'),(51,'2024-10-08 15:30:16.048159',_binary '\0',_binary '',22,31,'MISSION_SUCCESS','새로운사람'),(52,'2024-10-08 15:52:55.138521',_binary '\0',_binary '',32,17,'REQUEST_RELATION','주소영'),(53,'2024-10-08 17:26:29.489734',_binary '\0',_binary '\0',17,32,'MISSION_SUCCESS','김딸랑구'),(54,'2024-10-08 17:50:31.490932',_binary '\0',_binary '',22,31,'MISSION_SUCCESS','새로운사람'),(55,'2024-10-08 17:53:49.525699',_binary '\0',_binary '',22,31,'MISSION_SUCCESS','새로운사람'),(56,'2024-10-08 18:05:19.759887',_binary '\0',_binary '',22,23,'MISSION_SUCCESS','강신구'),(57,'2024-10-08 19:37:07.866259',_binary '\0',_binary '',22,23,'MISSION_SUCCESS','강신구'),(58,'2024-10-08 20:14:09.001095',_binary '\0',_binary '',27,28,'MISSION_SUCCESS','윤성현'),(59,'2024-10-08 20:16:01.362098',_binary '\0',_binary '',27,28,'MISSION_SUCCESS','윤성현'),(60,'2024-10-08 20:17:02.661868',_binary '\0',_binary '',27,28,'MISSION_SUCCESS','윤성현'),(61,'2024-10-08 20:30:32.129760',_binary '\0',_binary '',22,23,'MISSION_SUCCESS','강신구'),(62,'2024-10-08 20:31:36.625718',_binary '\0',_binary '',22,23,'MISSION_SUCCESS','강신구'),(63,'2024-10-08 20:34:40.768400',_binary '\0',_binary '',22,23,'MISSION_SUCCESS','강신구'),(64,'2024-10-08 20:43:04.943626',_binary '\0',_binary '',27,28,'MISSION_SUCCESS','윤성현'),(65,'2024-10-08 20:44:42.438585',_binary '\0',_binary '',27,28,'MISSION_SUCCESS','윤성현'),(66,'2024-10-08 20:49:35.498572',_binary '\0',_binary '',27,28,'MISSION_SUCCESS','윤성현'),(67,'2024-10-08 20:55:18.048486',_binary '\0',_binary '',27,28,'MISSION_SUCCESS','윤성현'),(68,'2024-10-08 20:58:43.966534',_binary '\0',_binary '',27,28,'MISSION_SUCCESS','윤성현'),(69,'2024-10-08 21:04:54.778417',_binary '\0',_binary '',27,28,'MISSION_SUCCESS','윤성현'),(70,'2024-10-08 21:09:09.265318',_binary '\0',_binary '',27,28,'MISSION_SUCCESS','윤성현'),(71,'2024-10-08 21:12:41.829547',_binary '\0',_binary '',27,28,'MISSION_SUCCESS','윤성현'),(72,'2024-10-08 21:15:58.772090',_binary '\0',_binary '',27,28,'MISSION_SUCCESS','윤성현'),(73,'2024-10-08 21:15:59.177862',_binary '\0',_binary '',27,28,'MISSION_SUCCESS','윤성현'),(74,'2024-10-08 21:15:59.197369',_binary '\0',_binary '',27,28,'MISSION_SUCCESS','윤성현'),(75,'2024-10-08 21:58:00.460152',_binary '\0',_binary '',22,31,'MISSION_SUCCESS','새로운사람'),(76,'2024-10-08 21:59:04.673415',_binary '\0',_binary '',27,28,'MISSION_SUCCESS','윤성현'),(77,'2024-10-09 10:32:58.660901',_binary '\0',_binary '',27,28,'MISSION_SUCCESS','윤성현'),(78,'2024-10-09 10:32:59.302450',_binary '\0',_binary '',27,28,'MISSION_SUCCESS','윤성현'),(79,'2024-10-09 10:33:58.598330',_binary '\0',_binary '',27,28,'MISSION_SUCCESS','윤성현'),(80,'2024-10-09 10:35:39.909325',_binary '\0',_binary '',27,28,'MISSION_SUCCESS','윤성현'),(81,'2024-10-09 10:36:38.347131',_binary '\0',_binary '',27,28,'MISSION_SUCCESS','윤성현'),(82,'2024-10-09 10:52:12.963096',_binary '\0',_binary '',27,28,'MISSION_SUCCESS','윤성현'),(83,'2024-10-09 10:53:05.166520',_binary '\0',_binary '',27,28,'MISSION_SUCCESS','윤성현'),(84,'2024-10-09 10:54:05.881929',_binary '\0',_binary '',27,28,'MISSION_SUCCESS','윤성현'),(85,'2024-10-09 10:59:53.679320',_binary '\0',_binary '',27,28,'MISSION_SUCCESS','윤성현'),(86,'2024-10-09 11:00:46.619711',_binary '\0',_binary '',27,28,'MISSION_SUCCESS','윤성현'),(87,'2024-10-09 12:15:17.372483',_binary '\0',_binary '',27,28,'MISSION_SUCCESS','윤성현'),(88,'2024-10-09 12:16:51.148526',_binary '\0',_binary '',22,23,'MISSION_SUCCESS','강신구'),(89,'2024-10-09 12:18:25.794758',_binary '\0',_binary '',22,23,'MISSION_SUCCESS','강신구'),(90,'2024-10-09 12:20:11.597055',_binary '\0',_binary '',22,23,'MISSION_SUCCESS','강신구'),(91,'2024-10-09 12:21:27.965017',_binary '\0',_binary '',22,23,'MISSION_SUCCESS','강신구'),(92,'2024-10-09 12:23:37.977079',_binary '\0',_binary '',22,23,'MISSION_SUCCESS','강신구'),(93,'2024-10-09 12:40:53.095668',_binary '\0',_binary '',33,27,'REQUEST_RELATION','윤성현'),(94,'2024-10-09 14:28:54.759553',_binary '\0',_binary '',22,23,'MISSION_SUCCESS','강신구'),(95,'2024-10-09 14:58:12.094468',_binary '\0',_binary '',27,28,'COINBOX_START','윤성현'),(96,'2024-10-09 15:01:02.378009',_binary '\0',_binary '',27,28,'COINBOX_START','윤성현'),(97,'2024-10-09 15:02:42.004036',_binary '\0',_binary '',35,34,'REQUEST_RELATION','최소현'),(98,'2024-10-09 15:03:11.878700',_binary '\0',_binary '',27,28,'COINBOX_START','윤성현'),(99,'2024-10-09 15:03:42.846161',_binary '\0',_binary '',34,35,'COINBOX_START','최자녀'),(100,'2024-10-09 15:05:55.422373',_binary '\0',_binary '',27,28,'COINBOX_START','윤성현'),(101,'2024-10-09 15:31:06.707862',_binary '\0',_binary '',22,23,'MISSION_SUCCESS','강신구'),(102,'2024-10-09 15:35:44.137099',_binary '\0',_binary '',36,27,'REQUEST_RELATION','윤성현'),(103,'2024-10-09 15:44:50.233578',_binary '\0',_binary '',37,27,'REQUEST_RELATION','윤성현'),(104,'2024-10-09 15:46:38.607943',_binary '\0',_binary '',27,37,'COINBOX_START','강성현'),(105,'2024-10-09 15:48:45.232996',_binary '\0',_binary '',27,37,'MISSION_SUCCESS','강성현'),(106,'2024-10-09 15:50:00.664854',_binary '\0',_binary '',22,23,'MISSION_SUCCESS','강신구'),(107,'2024-10-09 16:11:30.000000',_binary '\0',_binary '\0',34,35,'COINBOX_START','Sender Name'),(108,'2024-10-09 16:11:30.000000',_binary '\0',_binary '\0',34,35,'MISSION_SUCCESS','Sender Name'),(109,'2024-10-09 16:11:30.000000',_binary '\0',_binary '\0',34,35,'QUIZ_SUCCESS','Sender Name'),(110,'2024-10-09 16:11:30.000000',_binary '\0',_binary '\0',34,35,'REQUEST_RELATION','Sender Name'),(111,'2024-10-09 16:18:09.235532',_binary '\0',_binary '',29,30,'MISSION_SUCCESS','김자녀'),(112,'2024-10-09 16:19:26.537800',_binary '\0',_binary '',29,30,'COINBOX_START','김자녀'),(113,'2024-10-09 16:26:20.499118',_binary '\0',_binary '',29,30,'COINBOX_SUCCESS','김자녀'),(114,'2024-10-09 16:28:56.638339',_binary '\0',_binary '',29,30,'COINBOX_START','김자녀'),(115,'2024-10-09 16:31:31.588241',_binary '\0',_binary '',29,30,'COINBOX_START','김자녀'),(116,'2024-10-09 16:32:51.533422',_binary '\0',_binary '',29,30,'COINBOX_SUCCESS','김자녀'),(117,'2024-10-09 16:33:01.169314',_binary '\0',_binary '',29,30,'COINBOX_START','김자녀'),(118,'2024-10-09 16:33:21.984762',_binary '\0',_binary '',29,30,'COINBOX_START','김자녀'),(119,'2024-10-09 16:49:59.827292',_binary '\0',_binary '',27,37,'COINBOX_START','강성현'),(120,'2024-10-09 16:57:25.227545',_binary '\0',_binary '',22,23,'COINBOX_START','강신구'),(121,'2024-10-09 17:05:48.160357',_binary '\0',_binary '',22,23,'MISSION_SUCCESS','강신구'),(122,'2024-10-09 17:21:00.511909',_binary '\0',_binary '',27,37,'COINBOX_START','강성현'),(123,'2024-10-09 17:40:56.732730',_binary '\0',_binary '',27,37,'COINBOX_START','강성현'),(124,'2024-10-09 18:19:37.731765',_binary '\0',_binary '',29,30,'COINBOX_START','김자녀'),(125,'2024-10-09 18:40:30.295979',_binary '\0',_binary '',27,37,'MISSION_SUCCESS','강성현'),(126,'2024-10-09 18:40:30.685586',_binary '\0',_binary '',27,37,'MISSION_SUCCESS','강성현'),(127,'2024-10-09 18:40:41.993032',_binary '\0',_binary '',27,37,'MISSION_SUCCESS','강성현'),(128,'2024-10-09 18:40:50.136260',_binary '\0',_binary '',27,37,'MISSION_SUCCESS','강성현'),(129,'2024-10-09 18:41:01.086615',_binary '\0',_binary '',27,37,'MISSION_SUCCESS','강성현'),(130,'2024-10-09 18:41:09.975278',_binary '\0',_binary '',27,37,'MISSION_SUCCESS','강성현'),(131,'2024-10-09 18:41:18.629223',_binary '\0',_binary '',27,37,'MISSION_SUCCESS','강성현'),(132,'2024-10-09 18:41:26.810050',_binary '\0',_binary '',27,37,'MISSION_SUCCESS','강성현'),(133,'2024-10-09 21:30:31.598143',_binary '\0',_binary '',22,23,'COINBOX_START','강신구'),(134,'2024-10-09 21:31:15.307477',_binary '\0',_binary '',22,23,'COINBOX_SUCCESS','강신구'),(135,'2024-10-09 21:31:59.147936',_binary '\0',_binary '',22,23,'COINBOX_START','강신구'),(136,'2024-10-09 21:32:19.998657',_binary '\0',_binary '',22,23,'COINBOX_SUCCESS','강신구'),(137,'2024-10-09 21:33:03.630434',_binary '\0',_binary '',22,23,'COINBOX_START','강신구'),(138,'2024-10-09 21:33:29.930707',_binary '\0',_binary '',22,23,'COINBOX_SUCCESS','강신구'),(139,'2024-10-09 21:37:12.134367',_binary '\0',_binary '',22,23,'COINBOX_START','강신구'),(140,'2024-10-09 21:57:33.353857',_binary '\0',_binary '',22,23,'COINBOX_START','강신구'),(141,'2024-10-09 22:11:31.445051',_binary '\0',_binary '',27,37,'COINBOX_START','강성현'),(142,'2024-10-09 22:11:39.729094',_binary '\0',_binary '',22,23,'MISSION_SUCCESS','강신구'),(143,'2024-10-09 22:17:04.367760',_binary '\0',_binary '',22,23,'MISSION_SUCCESS','강신구'),(144,'2024-10-09 22:17:06.085457',_binary '\0',_binary '',22,23,'MISSION_SUCCESS','강신구'),(145,'2024-10-09 23:18:20.943095',_binary '\0',_binary '\0',17,32,'QUIZ_SUCCESS','김딸랑구'),(146,'2024-10-09 23:19:40.107953',_binary '\0',_binary '',22,31,'QUIZ_SUCCESS','새로운사람'),(147,'2024-10-09 23:19:54.761486',_binary '\0',_binary '',22,31,'QUIZ_SUCCESS','새로운사람'),(148,'2024-10-09 23:20:01.027648',_binary '\0',_binary '',22,31,'QUIZ_SUCCESS','새로운사람'),(149,'2024-10-09 23:56:22.834347',_binary '\0',_binary '\0',21,18,'REQUEST_RELATION','최소현'),(150,'2024-10-10 03:57:24.974246',_binary '\0',_binary '',29,30,'COINBOX_SUCCESS','김자녀'),(151,'2024-10-10 03:57:25.112091',_binary '\0',_binary '',29,29,'LESS_BALANCE','최부모'),(152,'2024-10-10 03:57:25.293625',_binary '\0',_binary '',29,29,'LESS_BALANCE','최부모'),(153,'2024-10-10 03:57:56.435649',_binary '\0',_binary '',29,30,'COINBOX_START','김자녀'),(154,'2024-10-10 03:59:54.221160',_binary '\0',_binary '',29,30,'MISSION_SUCCESS','김자녀'),(155,'2024-10-10 09:41:23.936261',_binary '\0',_binary '\0',17,32,'QUIZ_SUCCESS','김딸랑구'),(156,'2024-10-10 09:44:16.344898',_binary '\0',_binary '\0',17,32,'QUIZ_SUCCESS','김딸랑구'),(157,'2024-10-10 10:40:42.602385',_binary '\0',_binary '',29,30,'QUIZ_SUCCESS','김자녀'),(158,'2024-10-10 10:41:24.624684',_binary '\0',_binary '',29,30,'COINBOX_START','김자녀'),(159,'2024-10-10 12:45:43.974631',_binary '\0',_binary '',27,37,'COINBOX_START','강성현'),(160,'2024-10-10 12:56:48.666010',_binary '\0',_binary '',27,37,'COINBOX_START','강성현'),(161,'2024-10-10 12:57:11.477871',_binary '\0',_binary '',27,37,'COINBOX_START','강성현'),(162,'2024-10-10 13:14:22.044905',_binary '\0',_binary '',29,30,'COINBOX_SUCCESS','김자녀'),(163,'2024-10-10 13:15:09.122256',_binary '\0',_binary '',29,30,'COINBOX_START','김자녀'),(164,'2024-10-10 13:16:28.712478',_binary '\0',_binary '',29,30,'COINBOX_SUCCESS','김자녀'),(165,'2024-10-10 13:16:28.889452',_binary '\0',_binary '',29,29,'LESS_BALANCE','최부모'),(166,'2024-10-10 13:17:09.052778',_binary '\0',_binary '',29,30,'MISSION_SUCCESS','김자녀'),(167,'2024-10-10 19:43:01.869069',_binary '\0',_binary '',27,37,'QUIZ_SUCCESS','강성현'),(168,'2024-10-10 19:43:02.013976',_binary '\0',_binary '',27,27,'LESS_BALANCE','윤성현'),(169,'2024-10-10 19:43:02.430633',_binary '\0',_binary '',27,27,'LESS_BALANCE','윤성현'),(170,'2024-10-10 19:43:02.934410',_binary '\0',_binary '',27,27,'LESS_BALANCE','윤성현'),(171,'2024-10-10 19:43:03.436772',_binary '\0',_binary '',27,27,'LESS_BALANCE','윤성현'),(172,'2024-10-10 19:43:03.939894',_binary '\0',_binary '',27,27,'LESS_BALANCE','윤성현'),(173,'2024-10-10 19:43:04.448991',_binary '\0',_binary '',27,27,'LESS_BALANCE','윤성현'),(174,'2024-10-10 19:43:04.946839',_binary '\0',_binary '',27,27,'LESS_BALANCE','윤성현'),(175,'2024-10-10 19:43:05.455887',_binary '\0',_binary '',27,27,'LESS_BALANCE','윤성현'),(176,'2024-10-10 19:43:05.952399',_binary '\0',_binary '',27,27,'LESS_BALANCE','윤성현'),(177,'2024-10-10 19:43:06.455755',_binary '\0',_binary '',27,27,'LESS_BALANCE','윤성현'),(178,'2024-10-10 19:56:15.200976',_binary '\0',_binary '',39,38,'REQUEST_RELATION','김부모'),(179,'2024-10-10 20:08:02.004706',_binary '\0',_binary '',38,39,'MISSION_SUCCESS','이자녀'),(180,'2024-10-10 20:08:02.195790',_binary '\0',_binary '',38,38,'LESS_BALANCE','김부모'),(181,'2024-10-10 20:08:02.579794',_binary '\0',_binary '',38,38,'LESS_BALANCE','김부모'),(182,'2024-10-10 20:08:03.088082',_binary '\0',_binary '',38,38,'LESS_BALANCE','김부모'),(183,'2024-10-10 20:08:03.585028',_binary '\0',_binary '',38,38,'LESS_BALANCE','김부모'),(184,'2024-10-10 20:08:04.091520',_binary '\0',_binary '',38,38,'LESS_BALANCE','김부모'),(185,'2024-10-10 20:08:04.607711',_binary '\0',_binary '',38,38,'LESS_BALANCE','김부모'),(186,'2024-10-10 20:08:05.099449',_binary '\0',_binary '',38,38,'LESS_BALANCE','김부모'),(187,'2024-10-10 20:08:05.598728',_binary '\0',_binary '',38,38,'LESS_BALANCE','김부모'),(188,'2024-10-10 20:08:06.117911',_binary '\0',_binary '',38,38,'LESS_BALANCE','김부모'),(189,'2024-10-10 20:08:06.627936',_binary '\0',_binary '',38,38,'LESS_BALANCE','김부모'),(190,'2024-10-10 20:08:29.901224',_binary '\0',_binary '',40,38,'REQUEST_RELATION','김부모'),(191,'2024-10-10 20:09:40.243639',_binary '\0',_binary '',40,38,'REQUEST_RELATION','김부모'),(192,'2024-10-10 22:03:28.521499',_binary '\0',_binary '',38,39,'MISSION_SUCCESS','이자녀'),(193,'2024-10-10 22:10:16.856068',_binary '\0',_binary '',38,39,'MISSION_SUCCESS','이자녀'),(194,'2024-10-10 22:18:34.834635',_binary '\0',_binary '',38,39,'COINBOX_START','이자녀'),(195,'2024-10-10 22:20:41.511380',_binary '\0',_binary '',38,39,'MISSION_SUCCESS','이자녀'),(196,'2024-10-10 22:20:41.492079',_binary '\0',_binary '',38,39,'COINBOX_SUCCESS','이자녀'),(197,'2024-10-10 22:20:41.584980',_binary '\0',_binary '',38,39,'MISSION_SUCCESS','이자녀'),(198,'2024-10-10 22:24:24.872301',_binary '\0',_binary '',38,39,'QUIZ_SUCCESS','이자녀'),(199,'2024-10-11 00:25:49.010644',_binary '\0',_binary '',29,30,'COINBOX_START','김자녀'),(200,'2024-10-11 00:26:20.860656',_binary '\0',_binary '',29,30,'MISSION_SUCCESS','김자녀'),(201,'2024-10-11 01:28:14.742981',_binary '\0',_binary '',27,37,'MISSION_SUCCESS','강성현'),(202,'2024-10-11 01:28:23.497148',_binary '\0',_binary '',27,37,'MISSION_SUCCESS','강성현'),(203,'2024-10-11 02:17:24.093362',_binary '\0',_binary '',27,36,'COINBOX_START','김성현'),(204,'2024-10-11 02:29:18.106452',_binary '\0',_binary '',27,36,'COINBOX_START','김성현'),(205,'2024-10-11 02:30:11.221548',_binary '\0',_binary '',27,36,'COINBOX_START','김성현'),(206,'2024-10-11 02:47:10.042440',_binary '\0',_binary '',27,36,'COINBOX_START','김성현'),(207,'2024-10-11 03:00:49.048606',_binary '\0',_binary '',29,30,'COINBOX_START','김자녀'),(208,'2024-10-11 03:09:37.463888',_binary '\0',_binary '',27,36,'COINBOX_START','김성현'),(209,'2024-10-11 03:10:49.195723',_binary '\0',_binary '',22,23,'COINBOX_START','강신구'),(210,'2024-10-11 03:16:17.500661',_binary '\0',_binary '',22,23,'COINBOX_START','강신구'),(211,'2024-10-11 03:20:33.974174',_binary '\0',_binary '\0',27,36,'COINBOX_START','김성현'),(212,'2024-10-11 03:24:18.048758',_binary '\0',_binary '\0',27,36,'COINBOX_START','김성현'),(213,'2024-10-11 03:28:20.820787',_binary '\0',_binary '',29,30,'MISSION_SUCCESS','김자녀'),(214,'2024-10-11 03:28:36.313272',_binary '\0',_binary '',38,39,'COINBOX_START','이자녀'),(215,'2024-10-11 03:28:55.226165',_binary '\0',_binary '',38,39,'COINBOX_START','이자녀'),(216,'2024-10-11 03:29:47.460154',_binary '\0',_binary '',29,30,'MISSION_SUCCESS','김자녀'),(217,'2024-10-11 03:29:47.983388',_binary '\0',_binary '',29,30,'MISSION_SUCCESS','김자녀'),(218,'2024-10-11 03:35:38.188070',_binary '\0',_binary '',22,23,'MISSION_SUCCESS','강신구'),(219,'2024-10-11 04:31:44.189610',_binary '\0',_binary '',29,30,'COINBOX_START','김자녀'),(220,'2024-10-11 11:04:53.636994',_binary '\0',_binary '',38,39,'MISSION_SUCCESS','이자녀'),(221,'2024-10-11 11:04:54.694000',_binary '\0',_binary '',38,39,'MISSION_SUCCESS','이자녀'),(222,'2024-10-11 11:08:19.738083',_binary '\0',_binary '',29,30,'MISSION_SUCCESS','김자녀'),(223,'2024-10-11 11:14:14.064361',_binary '\0',_binary '',29,30,'MISSION_SUCCESS','김자녀'),(224,'2024-10-11 11:20:06.276796',_binary '\0',_binary '',38,39,'MISSION_SUCCESS','이자녀'),(225,'2024-10-11 11:21:15.137227',_binary '\0',_binary '',29,30,'COINBOX_START','김자녀'),(226,'2024-10-11 11:22:46.818174',_binary '\0',_binary '\0',29,30,'COINBOX_SUCCESS','김자녀'),(227,'2024-10-11 11:23:53.866635',_binary '\0',_binary '',29,30,'COINBOX_START','김자녀'),(228,'2024-10-11 11:24:45.801579',_binary '\0',_binary '\0',29,30,'COINBOX_SUCCESS','김자녀'),(229,'2024-10-11 11:26:51.292823',_binary '\0',_binary '\0',29,30,'COINBOX_START','김자녀'),(230,'2024-10-11 11:27:04.078793',_binary '\0',_binary '\0',29,30,'COINBOX_SUCCESS','김자녀'),(231,'2024-10-11 11:27:38.251426',_binary '\0',_binary '',38,39,'COINBOX_START','이자녀'),(232,'2024-10-11 11:27:55.639347',_binary '\0',_binary '',38,39,'COINBOX_SUCCESS','이자녀');
/*!40000 ALTER TABLE `notification` ENABLE KEYS */;
UNLOCK TABLES;

--
-- Table structure for table `parent_info`
--

DROP TABLE IF EXISTS `parent_info`;
/*!40101 SET @saved_cs_client     = @@character_set_client */;
/*!50503 SET character_set_client = utf8mb4 */;
CREATE TABLE `parent_info` (
  `info_id` bigint NOT NULL AUTO_INCREMENT,
  `create_at` datetime(6) DEFAULT NULL,
  `delete_yn` bit(1) DEFAULT NULL,
  `job` varchar(255) DEFAULT NULL,
  `parent_id` bigint DEFAULT NULL,
  PRIMARY KEY (`info_id`),
  UNIQUE KEY `UK9m3y5tlxvp9q51mbejkyv22bw` (`parent_id`),
  CONSTRAINT `FKmn68gib6qret97e5edlh1ub2q` FOREIGN KEY (`parent_id`) REFERENCES `user` (`user_id`)
) ENGINE=InnoDB DEFAULT CHARSET=utf8mb4 COLLATE=utf8mb4_0900_ai_ci;
/*!40101 SET character_set_client = @saved_cs_client */;

--
-- Dumping data for table `parent_info`
--

LOCK TABLES `parent_info` WRITE;
/*!40000 ALTER TABLE `parent_info` DISABLE KEYS */;
/*!40000 ALTER TABLE `parent_info` ENABLE KEYS */;
UNLOCK TABLES;

--
-- Table structure for table `refresh_token`
--

DROP TABLE IF EXISTS `refresh_token`;
/*!40101 SET @saved_cs_client     = @@character_set_client */;
/*!50503 SET character_set_client = utf8mb4 */;
CREATE TABLE `refresh_token` (
  `token_id` bigint NOT NULL AUTO_INCREMENT,
  `create_at` datetime(6) DEFAULT NULL,
  `delete_yn` bit(1) DEFAULT NULL,
  `expiry_date` datetime(6) NOT NULL,
  `refresh_token` varchar(255) NOT NULL,
  `user_id` bigint NOT NULL,
  PRIMARY KEY (`token_id`),
  UNIQUE KEY `UKmpvu2fmreqp9cqddttyfaym9v` (`refresh_token`)
) ENGINE=InnoDB AUTO_INCREMENT=505 DEFAULT CHARSET=utf8mb4 COLLATE=utf8mb4_0900_ai_ci;
/*!40101 SET character_set_client = @saved_cs_client */;

--
-- Dumping data for table `refresh_token`
--

LOCK TABLES `refresh_token` WRITE;
/*!40000 ALTER TABLE `refresh_token` DISABLE KEYS */;
INSERT INTO `refresh_token` VALUES (82,'2024-10-07 10:28:59.217690',_binary '\0','2024-10-14 10:28:59.216215','eyJhbGciOiJIUzI1NiJ9.eyJ1c2VySWQiOjE3LCJpYXQiOjE3MjgyNjQ1MzksImV4cCI6MTcyODg2OTMzOX0.QAOAaALwdzx2rzcylfpsSiUxjnfJo5jSpTPGUr8LQbg',17),(83,'2024-10-07 10:34:06.652811',_binary '\0','2024-10-14 10:34:06.651472','eyJhbGciOiJIUzI1NiJ9.eyJ1c2VySWQiOjE2LCJpYXQiOjE3MjgyNjQ4NDYsImV4cCI6MTcyODg2OTY0Nn0.6Dvc59kg7Dx-JfEyXK39JByftRuZ4Z9zC9ljS81q_Ro',16),(84,'2024-10-07 10:53:27.602480',_binary '\0','2024-10-14 10:53:27.601166','eyJhbGciOiJIUzI1NiJ9.eyJ1c2VySWQiOjE4LCJpYXQiOjE3MjgyNjYwMDcsImV4cCI6MTcyODg3MDgwN30.O_q7FgCv0P67JZ3fgZfMwj8Jk6wvxjGYv8L-khe1XLY',18),(85,'2024-10-07 11:13:27.939479',_binary '\0','2024-10-14 11:13:27.936603','eyJhbGciOiJIUzI1NiJ9.eyJ1c2VySWQiOjE5LCJpYXQiOjE3MjgyNjcyMDcsImV4cCI6MTcyODg3MjAwN30.R1rOv2RRwJOxCFPedR1DwO2vKFMEo3nVjhCjJONp3MQ',19),(86,'2024-10-07 11:25:42.562259',_binary '\0','2024-10-14 11:25:42.560397','eyJhbGciOiJIUzI1NiJ9.eyJ1c2VySWQiOjIxLCJpYXQiOjE3MjgyNjc5NDIsImV4cCI6MTcyODg3Mjc0Mn0.fs2g87ifNDtW8Jd_vpsNzNjGtmdHR-bnpqzytRcJBJY',21),(87,'2024-10-07 11:34:27.147376',_binary '\0','2024-10-14 11:34:27.140568','eyJhbGciOiJIUzI1NiJ9.eyJ1c2VySWQiOjE5LCJpYXQiOjE3MjgyNjg0NjcsImV4cCI6MTcyODg3MzI2N30.XnVZH-cx6ITyKSIM5BvlBCRgerC4fDE9aETWK0BLCUA',19),(88,'2024-10-07 13:20:35.048801',_binary '','2024-10-14 13:20:35.046286','eyJhbGciOiJIUzI1NiJ9.eyJ1c2VySWQiOjE3LCJpYXQiOjE3MjgyNzQ4MzUsImV4cCI6MTcyODg3OTYzNX0.qih_IAsaLsHi-4WWe53ywI01sIbnHTh4Qyfab--qwV8',17),(89,'2024-10-07 13:23:18.651039',_binary '\0','2024-10-14 13:23:18.649409','eyJhbGciOiJIUzI1NiJ9.eyJ1c2VySWQiOjIxLCJpYXQiOjE3MjgyNzQ5OTgsImV4cCI6MTcyODg3OTc5OH0.iMhuz37_H-bLU7r8FGGIiJ6DpM-1zu2lJC8WKUvXYss',21),(90,'2024-10-07 13:56:14.141253',_binary '\0','2024-10-14 13:56:14.139710','eyJhbGciOiJIUzI1NiJ9.eyJ1c2VySWQiOjIyLCJpYXQiOjE3MjgyNzY5NzQsImV4cCI6MTcyODg4MTc3NH0.fPzdxVnnsGZ4bcsRecHErkZftNYTRxQl4Y_PDk9nOAg',22),(91,'2024-10-07 14:00:50.841309',_binary '\0','2024-10-14 14:00:50.839668','eyJhbGciOiJIUzI1NiJ9.eyJ1c2VySWQiOjIzLCJpYXQiOjE3MjgyNzcyNTAsImV4cCI6MTcyODg4MjA1MH0.R_F68rtnKgoU9BYCKoqT-bFtqvWOiixeCXP1__hTjdo',23),(92,'2024-10-07 14:06:33.934147',_binary '\0','2024-10-14 14:06:33.932605','eyJhbGciOiJIUzI1NiJ9.eyJ1c2VySWQiOjIyLCJpYXQiOjE3MjgyNzc1OTMsImV4cCI6MTcyODg4MjM5M30.j8r6_O7HZcKqc2bUU-tnMuMPatX0P004kUnYMRjw7vc',22),(93,'2024-10-07 14:09:54.899307',_binary '\0','2024-10-14 14:09:54.897928','eyJhbGciOiJIUzI1NiJ9.eyJ1c2VySWQiOjIyLCJpYXQiOjE3MjgyNzc3OTQsImV4cCI6MTcyODg4MjU5NH0.m4UeSTGsr5IfP54hv1vuWzO2TF8F2iBTttA9_yex8ZQ',22),(94,'2024-10-07 14:46:17.840540',_binary '\0','2024-10-14 14:46:17.837850','eyJhbGciOiJIUzI1NiJ9.eyJ1c2VySWQiOjIxLCJpYXQiOjE3MjgyNzk5NzcsImV4cCI6MTcyODg4NDc3N30.eFfcQZmThaWUmDUJxPtxc1B2wsQSrKFNL1BILxrpNac',21),(95,'2024-10-07 14:47:12.466669',_binary '\0','2024-10-14 14:47:12.464962','eyJhbGciOiJIUzI1NiJ9.eyJ1c2VySWQiOjE3LCJpYXQiOjE3MjgyODAwMzIsImV4cCI6MTcyODg4NDgzMn0.QBg7Me_UheY6FlRWIJ_g7Mt3RNaEDaXbMTIX34he9mQ',17),(96,'2024-10-07 14:48:47.731386',_binary '\0','2024-10-14 14:48:47.729457','eyJhbGciOiJIUzI1NiJ9.eyJ1c2VySWQiOjE3LCJpYXQiOjE3MjgyODAxMjcsImV4cCI6MTcyODg4NDkyN30.AtYNKL3VxDrU_XqheWXRDbLj48RP_KA_NiN4YS9Z4UU',17),(97,'2024-10-07 15:05:30.085249',_binary '\0','2024-10-14 15:05:30.083393','eyJhbGciOiJIUzI1NiJ9.eyJ1c2VySWQiOjE2LCJpYXQiOjE3MjgyODExMzAsImV4cCI6MTcyODg4NTkzMH0.9jU43icmjofsJT2PPZ55KD2Pd717PvpmRh_u4GfAdx8',16),(98,'2024-10-07 15:31:37.947659',_binary '\0','2024-10-14 15:31:37.944829','eyJhbGciOiJIUzI1NiJ9.eyJ1c2VySWQiOjI0LCJpYXQiOjE3MjgyODI2OTcsImV4cCI6MTcyODg4NzQ5N30.BTZ2jBVx7erFXKbCEpeGvcXY514G8bkWtXmVVq-j-wo',24),(99,'2024-10-07 15:37:42.300726',_binary '\0','2024-10-14 15:37:42.298538','eyJhbGciOiJIUzI1NiJ9.eyJ1c2VySWQiOjE2LCJpYXQiOjE3MjgyODMwNjIsImV4cCI6MTcyODg4Nzg2Mn0.djO8RcjjrBVNFdCtuRmnO2aL6_MjTdwoVJqWyGzdnPA',16),(100,'2024-10-07 15:41:11.633970',_binary '\0','2024-10-14 15:41:11.632109','eyJhbGciOiJIUzI1NiJ9.eyJ1c2VySWQiOjIzLCJpYXQiOjE3MjgyODMyNzEsImV4cCI6MTcyODg4ODA3MX0.CAvg4jOrnoKRevtCeaa5jYvpFtSZpo-AlLcWvqVlHHg',23),(101,'2024-10-07 15:51:38.615240',_binary '\0','2024-10-14 15:51:38.611894','eyJhbGciOiJIUzI1NiJ9.eyJ1c2VySWQiOjE3LCJpYXQiOjE3MjgyODM4OTgsImV4cCI6MTcyODg4ODY5OH0.A-yyDYtrDUmJ2ImbQbRM0mntlS4kAmyV8TEgIX6TOag',17),(102,'2024-10-07 15:58:59.774723',_binary '\0','2024-10-14 15:58:59.772948','eyJhbGciOiJIUzI1NiJ9.eyJ1c2VySWQiOjI1LCJpYXQiOjE3MjgyODQzMzksImV4cCI6MTcyODg4OTEzOX0.aOCA0kr43BU58ablJHskEzgLLF4lPTQB30HCbldRlvE',25),(103,'2024-10-07 15:59:19.103594',_binary '\0','2024-10-14 15:59:19.101847','eyJhbGciOiJIUzI1NiJ9.eyJ1c2VySWQiOjIyLCJpYXQiOjE3MjgyODQzNTksImV4cCI6MTcyODg4OTE1OX0.UnzidUlMlGb4Rk08DZXH5k-xsL2rIuzFKeAfwsm4htw',22),(104,'2024-10-07 16:02:49.808056',_binary '\0','2024-10-14 16:02:49.805056','eyJhbGciOiJIUzI1NiJ9.eyJ1c2VySWQiOjI1LCJpYXQiOjE3MjgyODQ1NjksImV4cCI6MTcyODg4OTM2OX0.T04G8hVywnH12tgtn5_734CVzMi8MmyzLtPk1AED3yc',25),(105,'2024-10-07 16:12:07.218663',_binary '\0','2024-10-14 16:12:07.212411','eyJhbGciOiJIUzI1NiJ9.eyJ1c2VySWQiOjI1LCJpYXQiOjE3MjgyODUxMjcsImV4cCI6MTcyODg4OTkyN30.yA7hrfknlOHSDOgmVijnov77DOt3qgRYsDCJEzkQE7w',25),(106,'2024-10-07 16:19:24.932594',_binary '\0','2024-10-14 16:19:24.925438','eyJhbGciOiJIUzI1NiJ9.eyJ1c2VySWQiOjI1LCJpYXQiOjE3MjgyODU1NjQsImV4cCI6MTcyODg5MDM2NH0.9_mZZHQyICEO6AXJg-WAKQDyPfxhwJMemfcqFkWodIQ',25),(107,'2024-10-07 17:20:31.112924',_binary '\0','2024-10-14 17:20:31.086859','eyJhbGciOiJIUzI1NiJ9.eyJ1c2VySWQiOjIzLCJpYXQiOjE3MjgyODkyMzEsImV4cCI6MTcyODg5NDAzMX0.N-s0cWXPLiaaZ4X9HDyip7Zz2MDlFzq99pChsd5DQ-s',23),(108,'2024-10-07 17:55:36.512951',_binary '\0','2024-10-14 17:55:36.511296','eyJhbGciOiJIUzI1NiJ9.eyJ1c2VySWQiOjE2LCJpYXQiOjE3MjgyOTEzMzYsImV4cCI6MTcyODg5NjEzNn0.zHfplOFrPYMUphV6M-dUZwDtaDXcStvdVbXonROsYvw',16),(109,'2024-10-07 18:02:44.380374',_binary '\0','2024-10-14 18:02:44.378724','eyJhbGciOiJIUzI1NiJ9.eyJ1c2VySWQiOjIzLCJpYXQiOjE3MjgyOTE3NjQsImV4cCI6MTcyODg5NjU2NH0.GGEMdWs4RMFJ1SrDo7MTvNPRkgoGPQzW4A3tn1u0xws',23),(110,'2024-10-07 18:15:12.795673',_binary '\0','2024-10-14 18:15:12.794202','eyJhbGciOiJIUzI1NiJ9.eyJ1c2VySWQiOjI2LCJpYXQiOjE3MjgyOTI1MTIsImV4cCI6MTcyODg5NzMxMn0.phUQATebpvLxyeGboh7OGXibbB-QCA4c87eakp0zPBU',26),(111,'2024-10-07 18:18:56.255705',_binary '\0','2024-10-14 18:18:56.254355','eyJhbGciOiJIUzI1NiJ9.eyJ1c2VySWQiOjE2LCJpYXQiOjE3MjgyOTI3MzYsImV4cCI6MTcyODg5NzUzNn0.UMph6j3b_PTFTaTmwgD8G99cNgBUFraJADdadCwzqws',16),(112,'2024-10-07 19:16:03.589685',_binary '\0','2024-10-14 19:16:03.588304','eyJhbGciOiJIUzI1NiJ9.eyJ1c2VySWQiOjI1LCJpYXQiOjE3MjgyOTYxNjMsImV4cCI6MTcyODkwMDk2M30.WlDzDzWkk5tLoMDSz7u0DJuZyaPVHoVyLTQBVa8TwTk',25),(113,'2024-10-07 19:17:50.332989',_binary '\0','2024-10-14 19:17:50.331555','eyJhbGciOiJIUzI1NiJ9.eyJ1c2VySWQiOjI3LCJpYXQiOjE3MjgyOTYyNzAsImV4cCI6MTcyODkwMTA3MH0.Is4qks7JxeBLAkKPjaSFSf99FxrtrxKVTLNwwlKPyYY',27),(114,'2024-10-07 19:26:35.788280',_binary '\0','2024-10-14 19:26:35.784848','eyJhbGciOiJIUzI1NiJ9.eyJ1c2VySWQiOjE2LCJpYXQiOjE3MjgyOTY3OTUsImV4cCI6MTcyODkwMTU5NX0.Gha8WgCGxTcGNRPBVh_jdG8yQBJCJMrOLCQThGalicY',16),(115,'2024-10-07 19:33:55.545907',_binary '\0','2024-10-14 19:33:55.544255','eyJhbGciOiJIUzI1NiJ9.eyJ1c2VySWQiOjI3LCJpYXQiOjE3MjgyOTcyMzUsImV4cCI6MTcyODkwMjAzNX0.vtarxa_5J8QE5_-nB2FdK0UL31Mz30fcUKK5xFvxqnM',27),(116,'2024-10-07 19:33:58.846798',_binary '\0','2024-10-14 19:33:58.845045','eyJhbGciOiJIUzI1NiJ9.eyJ1c2VySWQiOjIyLCJpYXQiOjE3MjgyOTcyMzgsImV4cCI6MTcyODkwMjAzOH0.ICVT8fW3v4xB31GjGqxldOi5xRXp89YXIekb_DkWy9A',22),(117,'2024-10-07 19:36:16.708090',_binary '\0','2024-10-14 19:36:16.706229','eyJhbGciOiJIUzI1NiJ9.eyJ1c2VySWQiOjIzLCJpYXQiOjE3MjgyOTczNzYsImV4cCI6MTcyODkwMjE3Nn0.MzvSaGG1_APSDJl47DuHTTMDhd57WVojNn1nktofhNQ',23),(118,'2024-10-07 19:36:16.757388',_binary '\0','2024-10-14 19:36:16.755733','eyJhbGciOiJIUzI1NiJ9.eyJ1c2VySWQiOjI3LCJpYXQiOjE3MjgyOTczNzYsImV4cCI6MTcyODkwMjE3Nn0.0sM1JELc1rlYVOTEVBmx8unlFP6DZy9zHjoNfnxmclw',27),(119,'2024-10-07 20:59:29.583261',_binary '\0','2024-10-14 20:59:29.580760','eyJhbGciOiJIUzI1NiJ9.eyJ1c2VySWQiOjIxLCJpYXQiOjE3MjgzMDIzNjksImV4cCI6MTcyODkwNzE2OX0.dZZRFQhCbbDcjv8O96T-q8bMBD91L9aHUgsLz07NW0A',21),(120,'2024-10-07 21:57:57.793038',_binary '\0','2024-10-14 21:57:57.790569','eyJhbGciOiJIUzI1NiJ9.eyJ1c2VySWQiOjE2LCJpYXQiOjE3MjgzMDU4NzcsImV4cCI6MTcyODkxMDY3N30.NYbStNg6CwebrpyFWnbeyg_VjixqhKwLUUOK9KpsPOo',16),(121,'2024-10-07 21:59:14.392369',_binary '\0','2024-10-14 21:59:14.390457','eyJhbGciOiJIUzI1NiJ9.eyJ1c2VySWQiOjE3LCJpYXQiOjE3MjgzMDU5NTQsImV4cCI6MTcyODkxMDc1NH0.ErFm_f6-wf147yJPd60UUmZJnh4GCs18TjMCZ7uu-bk',17),(122,'2024-10-07 22:00:04.389988',_binary '\0','2024-10-14 22:00:04.376537','eyJhbGciOiJIUzI1NiJ9.eyJ1c2VySWQiOjIyLCJpYXQiOjE3MjgzMDYwMDQsImV4cCI6MTcyODkxMDgwNH0.ygMsoFCHl1QzIWTSXhP_rP2gobNH0c_fLOsQV-vQDBc',22),(123,'2024-10-08 09:11:41.200516',_binary '\0','2024-10-15 09:11:41.198948','eyJhbGciOiJIUzI1NiJ9.eyJ1c2VySWQiOjE3LCJpYXQiOjE3MjgzNDYzMDEsImV4cCI6MTcyODk1MTEwMX0.pdxHve7uD6qGcHmUlnLEGSOruaFehcopZzqpAEjSHtU',17),(124,'2024-10-08 09:18:19.878099',_binary '\0','2024-10-15 09:18:19.876463','eyJhbGciOiJIUzI1NiJ9.eyJ1c2VySWQiOjIyLCJpYXQiOjE3MjgzNDY2OTksImV4cCI6MTcyODk1MTQ5OX0.iZuAZWPo1cFK3rZ26Ythj5-AtirAfmg2UBu41b09QZI',22),(125,'2024-10-08 09:20:04.869048',_binary '\0','2024-10-15 09:20:04.867576','eyJhbGciOiJIUzI1NiJ9.eyJ1c2VySWQiOjI3LCJpYXQiOjE3MjgzNDY4MDQsImV4cCI6MTcyODk1MTYwNH0.TNffQJ7Jrkiun0reDZN-7lGAVocHDSiKYuZ4iFhBOqM',27),(126,'2024-10-08 09:48:47.170555',_binary '\0','2024-10-15 09:48:47.145126','eyJhbGciOiJIUzI1NiJ9.eyJ1c2VySWQiOjIzLCJpYXQiOjE3MjgzNDg1MjcsImV4cCI6MTcyODk1MzMyN30.1FEwJmjk3wWFURyKeZVxCieAufv3VvlS2r2bEnNr5e4',23),(127,'2024-10-08 09:53:59.850673',_binary '\0','2024-10-15 09:53:59.847692','eyJhbGciOiJIUzI1NiJ9.eyJ1c2VySWQiOjI4LCJpYXQiOjE3MjgzNDg4MzksImV4cCI6MTcyODk1MzYzOX0.ZZDWYLVAySNrBYMPoochFZgIMy29vFdAxLJg825Djp8',28),(128,'2024-10-08 09:54:29.026513',_binary '\0','2024-10-15 09:54:29.024486','eyJhbGciOiJIUzI1NiJ9.eyJ1c2VySWQiOjI5LCJpYXQiOjE3MjgzNDg4NjksImV4cCI6MTcyODk1MzY2OX0.140M-Qi3htTBCiz05gsZFwArPn2i4YL-BRxcQ-1WKwM',29),(129,'2024-10-08 09:55:36.249210',_binary '\0','2024-10-15 09:55:36.247240','eyJhbGciOiJIUzI1NiJ9.eyJ1c2VySWQiOjMwLCJpYXQiOjE3MjgzNDg5MzYsImV4cCI6MTcyODk1MzczNn0.VT0YZW4fMFiX4ndgNH0sp11UJqFCjHbD2G0ID7ZGPRk',30),(130,'2024-10-08 09:56:30.845743',_binary '\0','2024-10-15 09:56:30.843924','eyJhbGciOiJIUzI1NiJ9.eyJ1c2VySWQiOjI5LCJpYXQiOjE3MjgzNDg5OTAsImV4cCI6MTcyODk1Mzc5MH0.fjkT_OS-lZIRis8tQV4ElLkS_hhjV2KKsfDDbhJusTA',29),(131,'2024-10-08 09:57:32.727193',_binary '\0','2024-10-15 09:57:32.725392','eyJhbGciOiJIUzI1NiJ9.eyJ1c2VySWQiOjIyLCJpYXQiOjE3MjgzNDkwNTIsImV4cCI6MTcyODk1Mzg1Mn0.Rex7WRpXDCmyneTY8Yg2CpXgWOPvb6HM-JhVpPEyewA',22),(132,'2024-10-08 10:09:52.408188',_binary '\0','2024-10-15 10:09:52.405324','eyJhbGciOiJIUzI1NiJ9.eyJ1c2VySWQiOjIyLCJpYXQiOjE3MjgzNDk3OTIsImV4cCI6MTcyODk1NDU5Mn0.fuhvfDekq3Ea-75_IlztDUr30JILzQzvCA1KJhDJ9uE',22),(133,'2024-10-08 10:10:37.177555',_binary '\0','2024-10-15 10:10:37.175615','eyJhbGciOiJIUzI1NiJ9.eyJ1c2VySWQiOjI4LCJpYXQiOjE3MjgzNDk4MzcsImV4cCI6MTcyODk1NDYzN30.oOCJOCn_CQ7gTlAlsvHGlRPybuQVT2CrqnJNAsE00Fo',28),(134,'2024-10-08 10:12:44.813418',_binary '\0','2024-10-15 10:12:44.811633','eyJhbGciOiJIUzI1NiJ9.eyJ1c2VySWQiOjI3LCJpYXQiOjE3MjgzNDk5NjQsImV4cCI6MTcyODk1NDc2NH0.xx-Gw1JMZ1HJGE4p_JxJn0dMVZMRFXA30qbZCZEirD4',27),(135,'2024-10-08 10:30:16.554463',_binary '\0','2024-10-15 10:30:16.551971','eyJhbGciOiJIUzI1NiJ9.eyJ1c2VySWQiOjIyLCJpYXQiOjE3MjgzNTEwMTYsImV4cCI6MTcyODk1NTgxNn0.cxAiZhlqb_cUAnAdp9nBjkKsbQfbAh3goqvOFTDKWV0',22),(136,'2024-10-08 10:52:54.046405',_binary '\0','2024-10-15 10:52:54.044760','eyJhbGciOiJIUzI1NiJ9.eyJ1c2VySWQiOjIyLCJpYXQiOjE3MjgzNTIzNzQsImV4cCI6MTcyODk1NzE3NH0.lvY6IRsqEU8PcFv4hpSjGljMs9Ex1J-zmLoOxfVWsJY',22),(137,'2024-10-08 11:24:43.547351',_binary '\0','2024-10-15 11:24:43.545922','eyJhbGciOiJIUzI1NiJ9.eyJ1c2VySWQiOjIzLCJpYXQiOjE3MjgzNTQyODMsImV4cCI6MTcyODk1OTA4M30.Rl0ws3u-BDkUX3m8SGIq_GQiMw3I6-VXmT5VbYYEa7k',23),(138,'2024-10-08 14:18:11.069670',_binary '\0','2024-10-15 14:18:11.067282','eyJhbGciOiJIUzI1NiJ9.eyJ1c2VySWQiOjI3LCJpYXQiOjE3MjgzNjQ2OTEsImV4cCI6MTcyODk2OTQ5MX0.gzLRnQMdb_gFAD3tgb1gbXW_O2ibkygMuoi_5TY54oE',27),(139,'2024-10-08 14:20:59.098606',_binary '\0','2024-10-15 14:20:59.097133','eyJhbGciOiJIUzI1NiJ9.eyJ1c2VySWQiOjI4LCJpYXQiOjE3MjgzNjQ4NTksImV4cCI6MTcyODk2OTY1OX0.SvYMUgqLaMJRehK7LZZ4Lh2XuVP7oZBNcYqDLJYEjhE',28),(140,'2024-10-08 14:39:24.666407',_binary '\0','2024-10-15 14:39:24.664913','eyJhbGciOiJIUzI1NiJ9.eyJ1c2VySWQiOjMxLCJpYXQiOjE3MjgzNjU5NjQsImV4cCI6MTcyODk3MDc2NH0.ehKMhnhi9lAwPaN0_ubZ-Dz5U--IkEnkTYiYDhnyJIY',31),(141,'2024-10-08 15:50:12.860315',_binary '\0','2024-10-15 15:50:12.859048','eyJhbGciOiJIUzI1NiJ9.eyJ1c2VySWQiOjMyLCJpYXQiOjE3MjgzNzAyMTIsImV4cCI6MTcyODk3NTAxMn0.rB7TOaSVxli3Y6RHvvSZ84Fhm4eGtwF4uolVgDbDj8U',32),(142,'2024-10-08 15:52:37.721620',_binary '\0','2024-10-15 15:52:37.720330','eyJhbGciOiJIUzI1NiJ9.eyJ1c2VySWQiOjE3LCJpYXQiOjE3MjgzNzAzNTcsImV4cCI6MTcyODk3NTE1N30.TfNV-keg59wlqtQXMbAeaNyZEtxbu8I4aqylwPWhnao',17),(143,'2024-10-08 15:53:56.436727',_binary '\0','2024-10-15 15:53:56.435139','eyJhbGciOiJIUzI1NiJ9.eyJ1c2VySWQiOjMyLCJpYXQiOjE3MjgzNzA0MzYsImV4cCI6MTcyODk3NTIzNn0.tah1oospArkRAo27dsjW_zVUUTS9KrBW69VNYJDCZuI',32),(144,'2024-10-08 15:54:54.556915',_binary '\0','2024-10-15 15:54:54.554839','eyJhbGciOiJIUzI1NiJ9.eyJ1c2VySWQiOjE3LCJpYXQiOjE3MjgzNzA0OTQsImV4cCI6MTcyODk3NTI5NH0.wxreDDjdJByF108jJiSjbeo29c8PIVfLVK-mF-gX8cY',17),(145,'2024-10-08 16:40:21.991467',_binary '\0','2024-10-15 16:40:21.990163','eyJhbGciOiJIUzI1NiJ9.eyJ1c2VySWQiOjI4LCJpYXQiOjE3MjgzNzMyMjEsImV4cCI6MTcyODk3ODAyMX0.YMlzEQPAuPfojmurWVb1PjJs6BkqyiDBn3v8wz-GkXE',28),(146,'2024-10-08 16:50:54.548875',_binary '\0','2024-10-15 16:50:54.547250','eyJhbGciOiJIUzI1NiJ9.eyJ1c2VySWQiOjI4LCJpYXQiOjE3MjgzNzM4NTQsImV4cCI6MTcyODk3ODY1NH0.yPseHeWzrEN6LwR_Gor82YASb5aVoL-xKYcJMcQziss',28),(147,'2024-10-08 16:53:46.450669',_binary '\0','2024-10-15 16:53:46.449396','eyJhbGciOiJIUzI1NiJ9.eyJ1c2VySWQiOjI4LCJpYXQiOjE3MjgzNzQwMjYsImV4cCI6MTcyODk3ODgyNn0._GPDNr8DIgrU3A9-0TinLET7uuEh2f4cSm93AjUOLts',28),(148,'2024-10-08 16:57:25.292507',_binary '\0','2024-10-15 16:57:25.290390','eyJhbGciOiJIUzI1NiJ9.eyJ1c2VySWQiOjI4LCJpYXQiOjE3MjgzNzQyNDUsImV4cCI6MTcyODk3OTA0NX0.qOatq7Uh-tBy6J63OM1TGSRikIBBhsOcBT1azpAFJPc',28),(149,'2024-10-08 17:20:57.734788',_binary '\0','2024-10-15 17:20:57.733567','eyJhbGciOiJIUzI1NiJ9.eyJ1c2VySWQiOjI4LCJpYXQiOjE3MjgzNzU2NTcsImV4cCI6MTcyODk4MDQ1N30.z1IHLyOD5BNmh9Y0P41TT5zGwC-wp4RWKfAcd1IE8tY',28),(150,'2024-10-08 17:23:22.331688',_binary '\0','2024-10-15 17:23:22.330475','eyJhbGciOiJIUzI1NiJ9.eyJ1c2VySWQiOjE3LCJpYXQiOjE3MjgzNzU4MDIsImV4cCI6MTcyODk4MDYwMn0.5IXhdmKALlpfJBteAq-qQOmXRgj7dF0zFghZiHNFmUg',17),(151,'2024-10-08 17:25:59.835597',_binary '\0','2024-10-15 17:25:59.834461','eyJhbGciOiJIUzI1NiJ9.eyJ1c2VySWQiOjMyLCJpYXQiOjE3MjgzNzU5NTksImV4cCI6MTcyODk4MDc1OX0.V2LoaSp2jJ-DOif-kFPCvsaXGdJx-Di3hiqFykTOipw',32),(152,'2024-10-08 17:27:12.744768',_binary '\0','2024-10-15 17:27:12.743603','eyJhbGciOiJIUzI1NiJ9.eyJ1c2VySWQiOjE3LCJpYXQiOjE3MjgzNzYwMzIsImV4cCI6MTcyODk4MDgzMn0.RomwZ92AizLpc1RyUdeAe5nOFJeClQ1GAFMbMTAZ32A',17),(153,'2024-10-08 17:42:04.017627',_binary '\0','2024-10-15 17:42:04.016464','eyJhbGciOiJIUzI1NiJ9.eyJ1c2VySWQiOjMwLCJpYXQiOjE3MjgzNzY5MjQsImV4cCI6MTcyODk4MTcyNH0.hlhBq455Lp-X7rnIzJbBOBm4KFjpuFspxZbwC_qJlBs',30),(154,'2024-10-08 17:42:48.631489',_binary '\0','2024-10-15 17:42:48.630314','eyJhbGciOiJIUzI1NiJ9.eyJ1c2VySWQiOjI5LCJpYXQiOjE3MjgzNzY5NjgsImV4cCI6MTcyODk4MTc2OH0.9UBgKIrNp5ePdvm0xhDuAc_cwL-YZhPI6UmMW8fpW7s',29),(155,'2024-10-08 18:04:56.966635',_binary '\0','2024-10-15 18:04:56.965390','eyJhbGciOiJIUzI1NiJ9.eyJ1c2VySWQiOjIzLCJpYXQiOjE3MjgzNzgyOTYsImV4cCI6MTcyODk4MzA5Nn0.lx-OM-jRlV40DosL9SoOcOL1HqIBej52mUnxjmTXFY0',23),(156,'2024-10-08 19:26:01.822602',_binary '\0','2024-10-15 19:26:01.821488','eyJhbGciOiJIUzI1NiJ9.eyJ1c2VySWQiOjE3LCJpYXQiOjE3MjgzODMxNjEsImV4cCI6MTcyODk4Nzk2MX0.kTX6uoPBi_DPkdJn1bwNONWTBr_x8XE40O8YdCmQ2bY',17),(157,'2024-10-08 19:44:30.390786',_binary '\0','2024-10-15 19:44:30.389589','eyJhbGciOiJIUzI1NiJ9.eyJ1c2VySWQiOjE3LCJpYXQiOjE3MjgzODQyNzAsImV4cCI6MTcyODk4OTA3MH0.M_T1PWrYx4gPONUVF1wYa3woPGcNGRKJjqayQiFa8Jk',17),(158,'2024-10-08 19:58:55.507813',_binary '\0','2024-10-15 19:58:55.506760','eyJhbGciOiJIUzI1NiJ9.eyJ1c2VySWQiOjI3LCJpYXQiOjE3MjgzODUxMzUsImV4cCI6MTcyODk4OTkzNX0.sWAjTzu8Q6yP1qml5hBcIsae2PL-nT6dZVJsF0Qd6l4',27),(159,'2024-10-08 20:12:04.671444',_binary '\0','2024-10-15 20:12:04.670409','eyJhbGciOiJIUzI1NiJ9.eyJ1c2VySWQiOjI4LCJpYXQiOjE3MjgzODU5MjQsImV4cCI6MTcyODk5MDcyNH0.pdDwR17sikzp-oAgKhPOTUVnfNASKhhnUO1e3jZqSrc',28),(160,'2024-10-08 20:34:51.396855',_binary '\0','2024-10-15 20:34:51.395529','eyJhbGciOiJIUzI1NiJ9.eyJ1c2VySWQiOjI5LCJpYXQiOjE3MjgzODcyOTEsImV4cCI6MTcyODk5MjA5MX0.jJ10g50cesK3kC6A9bbwZGPW0FyYr9bt2MNZzlKtm9M',29),(161,'2024-10-08 20:36:52.934073',_binary '\0','2024-10-15 20:36:52.932827','eyJhbGciOiJIUzI1NiJ9.eyJ1c2VySWQiOjMwLCJpYXQiOjE3MjgzODc0MTIsImV4cCI6MTcyODk5MjIxMn0.lR68NXmiWceDiNzzFfxA1x5BdHGC9m9HJcmN3xGM-7g',30),(162,'2024-10-08 20:38:11.571828',_binary '\0','2024-10-15 20:38:11.570302','eyJhbGciOiJIUzI1NiJ9.eyJ1c2VySWQiOjE2LCJpYXQiOjE3MjgzODc0OTEsImV4cCI6MTcyODk5MjI5MX0.8OUD5f2kmE1XiNyV2aWnO1hGb4mIumB54Eem5OJBzJU',16),(163,'2024-10-08 21:55:58.934330',_binary '\0','2024-10-15 21:55:58.931830','eyJhbGciOiJIUzI1NiJ9.eyJ1c2VySWQiOjMyLCJpYXQiOjE3MjgzOTIxNTgsImV4cCI6MTcyODk5Njk1OH0.L5A7SdU2BL_6sAt1bAxmb0Gk3JcufNn7EFBr7uXaxjM',32),(164,'2024-10-08 22:42:06.829335',_binary '\0','2024-10-15 22:42:06.827606','eyJhbGciOiJIUzI1NiJ9.eyJ1c2VySWQiOjIyLCJpYXQiOjE3MjgzOTQ5MjYsImV4cCI6MTcyODk5OTcyNn0.Dt-xfLPs84Dq-XOWvoFePoSz3HNN6oUhB7T3Iz-BRJg',22),(165,'2024-10-09 10:26:51.461093',_binary '\0','2024-10-16 10:26:51.459016','eyJhbGciOiJIUzI1NiJ9.eyJ1c2VySWQiOjI4LCJpYXQiOjE3Mjg0MzcyMTEsImV4cCI6MTcyOTA0MjAxMX0.rfazLesqL_4e2wNkAWm6dJQMjHUWNPmdR7coQRU1i_8',28),(166,'2024-10-09 10:36:06.463893',_binary '\0','2024-10-16 10:36:06.462364','eyJhbGciOiJIUzI1NiJ9.eyJ1c2VySWQiOjIzLCJpYXQiOjE3Mjg0Mzc3NjYsImV4cCI6MTcyOTA0MjU2Nn0.1lJNr__ldPQvWqDm1SsKNS9ZCYMl6hp2HeWqWCajwV4',23),(167,'2024-10-09 10:40:08.746182',_binary '\0','2024-10-16 10:40:08.744668','eyJhbGciOiJIUzI1NiJ9.eyJ1c2VySWQiOjIzLCJpYXQiOjE3Mjg0MzgwMDgsImV4cCI6MTcyOTA0MjgwOH0.XtuKnzYsvv40CCKH67_DAzbxFV-KTcgM21sAAKMq_L8',23),(168,'2024-10-09 10:49:22.515955',_binary '\0','2024-10-16 10:49:22.514529','eyJhbGciOiJIUzI1NiJ9.eyJ1c2VySWQiOjE2LCJpYXQiOjE3Mjg0Mzg1NjIsImV4cCI6MTcyOTA0MzM2Mn0.8T7cFo1ujWdY6BSJHK1H2wT8I6mnPvJsskYwHDZObrM',16),(169,'2024-10-09 11:09:52.395048',_binary '\0','2024-10-16 11:09:52.393516','eyJhbGciOiJIUzI1NiJ9.eyJ1c2VySWQiOjI4LCJpYXQiOjE3Mjg0Mzk3OTIsImV4cCI6MTcyOTA0NDU5Mn0.KYw3KhIaWrBo7BOqssJwslrpXvH7yJyxh3TG44LI95k',28),(170,'2024-10-09 11:18:54.740047',_binary '\0','2024-10-16 11:18:54.738725','eyJhbGciOiJIUzI1NiJ9.eyJ1c2VySWQiOjE3LCJpYXQiOjE3Mjg0NDAzMzQsImV4cCI6MTcyOTA0NTEzNH0.kXLsb7cKq3MzFl03CXnue3irI9KehyJJ_iF4BNDvXbg',17),(171,'2024-10-09 12:16:18.198792',_binary '\0','2024-10-16 12:16:18.197052','eyJhbGciOiJIUzI1NiJ9.eyJ1c2VySWQiOjIzLCJpYXQiOjE3Mjg0NDM3NzgsImV4cCI6MTcyOTA0ODU3OH0.wI5Srpk4I9v5T-26ta_H5ImTJhcIckaxXD1JwvG-x18',23),(172,'2024-10-09 12:17:48.802748',_binary '\0','2024-10-16 12:17:48.801376','eyJhbGciOiJIUzI1NiJ9.eyJ1c2VySWQiOjIzLCJpYXQiOjE3Mjg0NDM4NjgsImV4cCI6MTcyOTA0ODY2OH0.Xnm8ShmQxbXW1D64c8Ta517OcZn6kGI-9ZsUDGAWgio',23),(173,'2024-10-09 12:19:04.124714',_binary '\0','2024-10-16 12:19:04.123281','eyJhbGciOiJIUzI1NiJ9.eyJ1c2VySWQiOjIyLCJpYXQiOjE3Mjg0NDM5NDQsImV4cCI6MTcyOTA0ODc0NH0._Brv_9219e0rmqvPR-30gPqg1fQnZ2EbhycW7nA8lu0',22),(174,'2024-10-09 12:36:54.050876',_binary '\0','2024-10-16 12:36:54.049003','eyJhbGciOiJIUzI1NiJ9.eyJ1c2VySWQiOjMzLCJpYXQiOjE3Mjg0NDUwMTQsImV4cCI6MTcyOTA0OTgxNH0._PfQsCsJHXKK7g7S0giZXXC4-w0CL1sksVfuNAlf4Dg',33),(175,'2024-10-09 12:38:37.438313',_binary '\0','2024-10-16 12:38:37.437102','eyJhbGciOiJIUzI1NiJ9.eyJ1c2VySWQiOjMzLCJpYXQiOjE3Mjg0NDUxMTcsImV4cCI6MTcyOTA0OTkxN30.XISvCwtzeGL_JZnVbj_jpXgbgMoizqvdketWIgqmVCE',33),(176,'2024-10-09 12:40:35.867514',_binary '\0','2024-10-16 12:40:35.866252','eyJhbGciOiJIUzI1NiJ9.eyJ1c2VySWQiOjE3LCJpYXQiOjE3Mjg0NDUyMzUsImV4cCI6MTcyOTA1MDAzNX0.BL0sz4UF7TkUYD9oJKAoZUeexZk25GaubLZrTx9lskI',17),(177,'2024-10-09 12:41:29.147464',_binary '\0','2024-10-16 12:41:29.146137','eyJhbGciOiJIUzI1NiJ9.eyJ1c2VySWQiOjMyLCJpYXQiOjE3Mjg0NDUyODksImV4cCI6MTcyOTA1MDA4OX0.6qaP4AsP-3BlhrRdvUENwLduIPTf0t2oTKWg_5-G2y8',32),(178,'2024-10-09 12:45:45.671568',_binary '\0','2024-10-16 12:45:45.670161','eyJhbGciOiJIUzI1NiJ9.eyJ1c2VySWQiOjE3LCJpYXQiOjE3Mjg0NDU1NDUsImV4cCI6MTcyOTA1MDM0NX0.viLZAuS_auVvQdLMkjc2PujxIzWiopMSslJr5QQVz4E',17),(179,'2024-10-09 12:50:18.071159',_binary '\0','2024-10-16 12:50:18.069926','eyJhbGciOiJIUzI1NiJ9.eyJ1c2VySWQiOjI5LCJpYXQiOjE3Mjg0NDU4MTgsImV4cCI6MTcyOTA1MDYxOH0.U_5FjPG7LXWlVoSYHJX5SS_mlRwhuRTjQDvJTq26KE4',29),(180,'2024-10-09 14:17:32.970230',_binary '\0','2024-10-16 14:17:32.968756','eyJhbGciOiJIUzI1NiJ9.eyJ1c2VySWQiOjMyLCJpYXQiOjE3Mjg0NTEwNTIsImV4cCI6MTcyOTA1NTg1Mn0.onWXjwvVELj3xNMJli7GGnR_qggVDzmxMCvppYInNvc',32),(181,'2024-10-09 14:31:32.715607',_binary '\0','2024-10-16 14:31:32.708929','eyJhbGciOiJIUzI1NiJ9.eyJ1c2VySWQiOjI5LCJpYXQiOjE3Mjg0NTE4OTIsImV4cCI6MTcyOTA1NjY5Mn0.9aegcIXRqX6K-icn5hpxMsLZQfWKb_LKI5h4D2gS8yw',29),(182,'2024-10-09 14:33:57.900947',_binary '\0','2024-10-16 14:33:57.899130','eyJhbGciOiJIUzI1NiJ9.eyJ1c2VySWQiOjE3LCJpYXQiOjE3Mjg0NTIwMzcsImV4cCI6MTcyOTA1NjgzN30.ukJQCF31scVIH-Wgobhs0zn4Smj0zxO6TV4VmbFQWr8',17),(183,'2024-10-09 14:35:50.458759',_binary '\0','2024-10-16 14:35:50.456942','eyJhbGciOiJIUzI1NiJ9.eyJ1c2VySWQiOjMwLCJpYXQiOjE3Mjg0NTIxNTAsImV4cCI6MTcyOTA1Njk1MH0.zerRltHK-j1ktCd34Gy3qgYm7mhkPU5n0PvsncUDec8',30),(184,'2024-10-09 14:42:14.892644',_binary '\0','2024-10-16 14:42:14.890982','eyJhbGciOiJIUzI1NiJ9.eyJ1c2VySWQiOjI3LCJpYXQiOjE3Mjg0NTI1MzQsImV4cCI6MTcyOTA1NzMzNH0.Qz6pNySNdWByWUeZMxmqnAYbRlxxV43LdrB2G5yFwjg',27),(185,'2024-10-09 14:45:23.169865',_binary '\0','2024-10-16 14:45:23.168153','eyJhbGciOiJIUzI1NiJ9.eyJ1c2VySWQiOjI4LCJpYXQiOjE3Mjg0NTI3MjMsImV4cCI6MTcyOTA1NzUyM30.8veGBw-NBp8NaiEuapKmoDOosJr3NiPrst0hAQ3C4_w',28),(186,'2024-10-09 15:00:43.195986',_binary '\0','2024-10-16 15:00:43.194301','eyJhbGciOiJIUzI1NiJ9.eyJ1c2VySWQiOjM0LCJpYXQiOjE3Mjg0NTM2NDMsImV4cCI6MTcyOTA1ODQ0M30.2K1inzJtVnDdKsojZCZ11hniyfWLx1Letrqdkk2rWiY',34),(187,'2024-10-09 15:01:14.807207',_binary '\0','2024-10-16 15:01:14.805677','eyJhbGciOiJIUzI1NiJ9.eyJ1c2VySWQiOjM1LCJpYXQiOjE3Mjg0NTM2NzQsImV4cCI6MTcyOTA1ODQ3NH0.w6NChgVq_wBc3BElfcC90oQT_51low6gybUIkp14zmw',35),(188,'2024-10-09 15:20:14.581980',_binary '\0','2024-10-16 15:20:14.580149','eyJhbGciOiJIUzI1NiJ9.eyJ1c2VySWQiOjE2LCJpYXQiOjE3Mjg0NTQ4MTQsImV4cCI6MTcyOTA1OTYxNH0.nF-EJ9PFgDos_HgYTmM0ehhwP-sEG03THRUH7XicBdQ',16),(189,'2024-10-09 15:34:50.791143',_binary '\0','2024-10-16 15:34:50.788459','eyJhbGciOiJIUzI1NiJ9.eyJ1c2VySWQiOjM2LCJpYXQiOjE3Mjg0NTU2OTAsImV4cCI6MTcyOTA2MDQ5MH0.582w7fqA51IQUyReYTj2e0v0QNtD97LT1ued6eoD7js',36),(190,'2024-10-09 15:43:24.253448',_binary '\0','2024-10-16 15:43:24.251611','eyJhbGciOiJIUzI1NiJ9.eyJ1c2VySWQiOjM3LCJpYXQiOjE3Mjg0NTYyMDQsImV4cCI6MTcyOTA2MTAwNH0.5NE2u6FH6qvvnmNvWzg8gFYDm5YVjlaKdw-9f_6WqL4',37),(191,'2024-10-09 16:00:24.194612',_binary '\0','2024-10-16 16:00:24.161708','eyJhbGciOiJIUzI1NiJ9.eyJ1c2VySWQiOjI5LCJpYXQiOjE3Mjg0NTcyMjQsImV4cCI6MTcyOTA2MjAyNH0.LOinjjzOzziEbP30HIJQRLb3Q_RV7ZQQxCEppNpZPBk',29),(192,'2024-10-09 16:01:25.919564',_binary '\0','2024-10-16 16:01:25.917561','eyJhbGciOiJIUzI1NiJ9.eyJ1c2VySWQiOjIzLCJpYXQiOjE3Mjg0NTcyODUsImV4cCI6MTcyOTA2MjA4NX0.OZpnfPyfN4ruuC0-NulmxG_1TnuHEXZ8tHcwP9KLRkg',23),(193,'2024-10-09 16:11:36.850255',_binary '\0','2024-10-16 16:11:36.848335','eyJhbGciOiJIUzI1NiJ9.eyJ1c2VySWQiOjIyLCJpYXQiOjE3Mjg0NTc4OTYsImV4cCI6MTcyOTA2MjY5Nn0.Y9Ma4BET53raLdsQFPf3aDV14fjR3eFC0zhyRVWKsns',22),(194,'2024-10-09 16:15:47.838392',_binary '\0','2024-10-16 16:15:47.836761','eyJhbGciOiJIUzI1NiJ9.eyJ1c2VySWQiOjMwLCJpYXQiOjE3Mjg0NTgxNDcsImV4cCI6MTcyOTA2Mjk0N30.NYU-QTzFaJjZCliWBY6W7pi9ogxg4bMIqfVGgAFKzlE',30),(195,'2024-10-09 17:32:32.647175',_binary '','2024-10-16 17:32:32.645141','eyJhbGciOiJIUzI1NiJ9.eyJ1c2VySWQiOjE4LCJpYXQiOjE3Mjg0NjI3NTIsImV4cCI6MTcyOTA2NzU1Mn0.-I7ExfeIxa3FLW4i6TyYjvgXmpEv7jmOH1bMyMye1xU',18),(196,'2024-10-09 17:33:19.710418',_binary '\0','2024-10-16 17:33:19.708872','eyJhbGciOiJIUzI1NiJ9.eyJ1c2VySWQiOjI5LCJpYXQiOjE3Mjg0NjI3OTksImV4cCI6MTcyOTA2NzU5OX0.YaAUr4TP6N7JSA2Vhhp-JjC9QYQ02Xzp88YET5fqdHU',29),(197,'2024-10-09 18:03:06.440913',_binary '\0','2024-10-16 18:03:06.439413','eyJhbGciOiJIUzI1NiJ9.eyJ1c2VySWQiOjIzLCJpYXQiOjE3Mjg0NjQ1ODYsImV4cCI6MTcyOTA2OTM4Nn0.hvmdPfsFkRIg74_Dc5ECK5crT5IzNliFlv2iHzqtFEc',23),(198,'2024-10-09 18:09:18.610558',_binary '\0','2024-10-16 18:09:18.609211','eyJhbGciOiJIUzI1NiJ9.eyJ1c2VySWQiOjI5LCJpYXQiOjE3Mjg0NjQ5NTgsImV4cCI6MTcyOTA2OTc1OH0.ZVEpvo3y-FptNbkYJkb5EEvU-BL9yDEfsJ4afnlTNkE',29),(199,'2024-10-09 18:09:57.202059',_binary '\0','2024-10-16 18:09:57.200814','eyJhbGciOiJIUzI1NiJ9.eyJ1c2VySWQiOjI5LCJpYXQiOjE3Mjg0NjQ5OTcsImV4cCI6MTcyOTA2OTc5N30.H4H0O0wnlnaHMos8yAlklg9sP4bdFAJpi_TPlf38t4Q',29),(200,'2024-10-09 18:10:09.022994',_binary '\0','2024-10-16 18:10:09.021645','eyJhbGciOiJIUzI1NiJ9.eyJ1c2VySWQiOjMwLCJpYXQiOjE3Mjg0NjUwMDksImV4cCI6MTcyOTA2OTgwOX0.rpgFlo-zQyAMKeVIW19eOawkICsU8hGOjdw9pGd85co',30),(201,'2024-10-09 19:20:48.245010',_binary '\0','2024-10-16 19:20:48.206456','eyJhbGciOiJIUzI1NiJ9.eyJ1c2VySWQiOjI5LCJpYXQiOjE3Mjg0NjkyNDgsImV4cCI6MTcyOTA3NDA0OH0.Mf4_Pie2LXKtCu_2W6c9G8gzjd_LO55DjoZ857ZMtbQ',29),(202,'2024-10-09 19:24:36.229256',_binary '\0','2024-10-16 19:24:36.227297','eyJhbGciOiJIUzI1NiJ9.eyJ1c2VySWQiOjI5LCJpYXQiOjE3Mjg0Njk0NzYsImV4cCI6MTcyOTA3NDI3Nn0.86KTIebu6deiKKB7nFmeVJjYLrs6pKsD97GBt4JUMRA',29),(203,'2024-10-09 20:27:42.881841',_binary '\0','2024-10-16 20:27:42.880141','eyJhbGciOiJIUzI1NiJ9.eyJ1c2VySWQiOjI5LCJpYXQiOjE3Mjg0NzMyNjIsImV4cCI6MTcyOTA3ODA2Mn0.n1WEcQEEae0wHgst4IO_92isSwX_TazXy1Qg-F13r3o',29),(204,'2024-10-09 20:29:53.237044',_binary '\0','2024-10-16 20:29:53.235233','eyJhbGciOiJIUzI1NiJ9.eyJ1c2VySWQiOjI5LCJpYXQiOjE3Mjg0NzMzOTMsImV4cCI6MTcyOTA3ODE5M30.7capkr3nTFx-mHDmTG6Icqr2ILI-Hr0MYMrWmpKDMbk',29),(205,'2024-10-09 20:30:20.108011',_binary '\0','2024-10-16 20:30:20.106309','eyJhbGciOiJIUzI1NiJ9.eyJ1c2VySWQiOjI5LCJpYXQiOjE3Mjg0NzM0MjAsImV4cCI6MTcyOTA3ODIyMH0.Mz6-pGLfSEvsgwMWOvUiailzDNAc2dHp-SYL5FFDKus',29),(206,'2024-10-09 20:30:49.992296',_binary '\0','2024-10-16 20:30:49.990569','eyJhbGciOiJIUzI1NiJ9.eyJ1c2VySWQiOjMwLCJpYXQiOjE3Mjg0NzM0NDksImV4cCI6MTcyOTA3ODI0OX0.E3RWfaK0fr6f-uls81QETw9P4CDvje8zDEQ6gaOy0hY',30),(207,'2024-10-09 20:46:22.744599',_binary '\0','2024-10-16 20:46:22.741142','eyJhbGciOiJIUzI1NiJ9.eyJ1c2VySWQiOjI5LCJpYXQiOjE3Mjg0NzQzODIsImV4cCI6MTcyOTA3OTE4Mn0.ZTRJszAWRIAblx54ZcsSRDdB2rU3DuYPHlW7BW3OgwQ',29),(208,'2024-10-09 20:47:00.628471',_binary '\0','2024-10-16 20:47:00.619334','eyJhbGciOiJIUzI1NiJ9.eyJ1c2VySWQiOjI5LCJpYXQiOjE3Mjg0NzQ0MjAsImV4cCI6MTcyOTA3OTIyMH0.59HhXOTViuPBSAZcy4EWDbA3_1NVe9KLPHKimdjFB6E',29),(209,'2024-10-09 20:47:20.856589',_binary '\0','2024-10-16 20:47:20.855050','eyJhbGciOiJIUzI1NiJ9.eyJ1c2VySWQiOjMwLCJpYXQiOjE3Mjg0NzQ0NDAsImV4cCI6MTcyOTA3OTI0MH0.n3_IFOIvzkVqYP4r8QaxbnGYYvxj2gMuXGA1vy7mcUE',30),(210,'2024-10-09 20:54:47.377296',_binary '\0','2024-10-16 20:54:47.375781','eyJhbGciOiJIUzI1NiJ9.eyJ1c2VySWQiOjE3LCJpYXQiOjE3Mjg0NzQ4ODcsImV4cCI6MTcyOTA3OTY4N30.u_8og4XqiCjjTG8BM0Baip_xPkx92OJEjO8D84yb-u0',17),(211,'2024-10-09 21:01:28.180542',_binary '\0','2024-10-16 21:01:28.178703','eyJhbGciOiJIUzI1NiJ9.eyJ1c2VySWQiOjI5LCJpYXQiOjE3Mjg0NzUyODgsImV4cCI6MTcyOTA4MDA4OH0.3tdSWqRkgAoO81Lb5LI07BHRtidTeX0iE3kXLXJPfFU',29),(212,'2024-10-09 21:01:52.804252',_binary '\0','2024-10-16 21:01:52.802911','eyJhbGciOiJIUzI1NiJ9.eyJ1c2VySWQiOjI5LCJpYXQiOjE3Mjg0NzUzMTIsImV4cCI6MTcyOTA4MDExMn0.X7ag7r22tfSbf8BHcIq8PlKqSP8MpvkgbLTg9wjWeco',29),(213,'2024-10-09 21:09:01.858483',_binary '\0','2024-10-16 21:09:01.857116','eyJhbGciOiJIUzI1NiJ9.eyJ1c2VySWQiOjI5LCJpYXQiOjE3Mjg0NzU3NDEsImV4cCI6MTcyOTA4MDU0MX0.nDSab8i9oMmhkxkfn0DkzhHxJP-qHTiFxQkt_cdDCxk',29),(214,'2024-10-09 21:10:00.319482',_binary '\0','2024-10-16 21:10:00.318234','eyJhbGciOiJIUzI1NiJ9.eyJ1c2VySWQiOjI5LCJpYXQiOjE3Mjg0NzU4MDAsImV4cCI6MTcyOTA4MDYwMH0.RAUtaS82nzQLYspx8_qsBV-xZ4pqNsSkHo_iTnYhfgk',29),(215,'2024-10-09 21:10:25.795623',_binary '\0','2024-10-16 21:10:25.794350','eyJhbGciOiJIUzI1NiJ9.eyJ1c2VySWQiOjI5LCJpYXQiOjE3Mjg0NzU4MjUsImV4cCI6MTcyOTA4MDYyNX0.ERcsUQXM-V3UtptYByhJPQ3hwR5CAGIN1-W1u5NeflA',29),(216,'2024-10-09 21:11:01.399532',_binary '\0','2024-10-16 21:11:01.398199','eyJhbGciOiJIUzI1NiJ9.eyJ1c2VySWQiOjI5LCJpYXQiOjE3Mjg0NzU4NjEsImV4cCI6MTcyOTA4MDY2MX0.nk3JY_qJw7oVMWqvUlT2-7MMqI4TVOyFUJDnnM3LEqE',29),(217,'2024-10-09 21:12:56.079039',_binary '\0','2024-10-16 21:12:56.077713','eyJhbGciOiJIUzI1NiJ9.eyJ1c2VySWQiOjI5LCJpYXQiOjE3Mjg0NzU5NzYsImV4cCI6MTcyOTA4MDc3Nn0.qlRED0myQbCgczVJgnen3Ktg_f0aPAYHL4GR8YIFQF8',29),(218,'2024-10-09 21:15:41.148762',_binary '\0','2024-10-16 21:15:41.147062','eyJhbGciOiJIUzI1NiJ9.eyJ1c2VySWQiOjMwLCJpYXQiOjE3Mjg0NzYxNDEsImV4cCI6MTcyOTA4MDk0MX0.K11b7gqTaiio8KLd1rwITnzBaUMMPfQGyyanDBUj2LM',30),(219,'2024-10-09 21:22:33.945974',_binary '\0','2024-10-16 21:22:33.944646','eyJhbGciOiJIUzI1NiJ9.eyJ1c2VySWQiOjI5LCJpYXQiOjE3Mjg0NzY1NTMsImV4cCI6MTcyOTA4MTM1M30.McbF2NSpDdGh7ZaCRLhuOxaBQHlcOgtexOYO8xaYu9I',29),(220,'2024-10-09 21:27:25.025938',_binary '\0','2024-10-16 21:27:25.024641','eyJhbGciOiJIUzI1NiJ9.eyJ1c2VySWQiOjMyLCJpYXQiOjE3Mjg0NzY4NDUsImV4cCI6MTcyOTA4MTY0NX0.SRVfPCEeaKMYlKd7kz1QbwvH3Y0hta5Qff6mflbOi1Q',32),(221,'2024-10-09 21:28:00.714131',_binary '\0','2024-10-16 21:28:00.712842','eyJhbGciOiJIUzI1NiJ9.eyJ1c2VySWQiOjI5LCJpYXQiOjE3Mjg0NzY4ODAsImV4cCI6MTcyOTA4MTY4MH0.9hQEZzf85cpPFFjMWzP2x4cg8qR6IsnOymEAoOPHGMU',29),(222,'2024-10-09 21:52:17.160394',_binary '\0','2024-10-16 21:52:17.134963','eyJhbGciOiJIUzI1NiJ9.eyJ1c2VySWQiOjMyLCJpYXQiOjE3Mjg0NzgzMzcsImV4cCI6MTcyOTA4MzEzN30.pYI-ts5uWEC5uatVIiOM0wprWmQnSunzBXsaqWuAxqc',32),(223,'2024-10-09 22:34:43.016470',_binary '','2024-10-16 22:34:42.985714','eyJhbGciOiJIUzI1NiJ9.eyJ1c2VySWQiOjI5LCJpYXQiOjE3Mjg0ODA4ODIsImV4cCI6MTcyOTA4NTY4Mn0.YJQAXvT52ktkeYB0NUkqZw_eJsBj6luKjRP60jLSqv8',29),(224,'2024-10-09 22:46:00.374135',_binary '\0','2024-10-16 22:46:00.372446','eyJhbGciOiJIUzI1NiJ9.eyJ1c2VySWQiOjI5LCJpYXQiOjE3Mjg0ODE1NjAsImV4cCI6MTcyOTA4NjM2MH0.YhsFgmzJ1EOysSumiOd45SUeCS_gS22IwZN-OcFEyl0',29),(225,'2024-10-09 22:48:10.904209',_binary '\0','2024-10-16 22:48:10.902399','eyJhbGciOiJIUzI1NiJ9.eyJ1c2VySWQiOjMwLCJpYXQiOjE3Mjg0ODE2OTAsImV4cCI6MTcyOTA4NjQ5MH0.Ut1QiW82LPVKQG0x0vsWoyY3v2V03LTn16iAkbASx1A',30),(226,'2024-10-09 22:56:19.227203',_binary '\0','2024-10-16 22:56:19.225442','eyJhbGciOiJIUzI1NiJ9.eyJ1c2VySWQiOjI3LCJpYXQiOjE3Mjg0ODIxNzksImV4cCI6MTcyOTA4Njk3OX0.B_YRsBboAHIupF4MDTGAtVqwcPJJvyYbm6gsctif-PA',27),(227,'2024-10-09 23:34:47.937432',_binary '','2024-10-16 23:34:47.931187','eyJhbGciOiJIUzI1NiJ9.eyJ1c2VySWQiOjI5LCJpYXQiOjE3Mjg0ODQ0ODcsImV4cCI6MTcyOTA4OTI4N30.qmgQNMZtOQPtzf3Q78QiOER-mqWK9Z2wZ1aWG5YKl-Q',29),(228,'2024-10-09 23:42:18.262788',_binary '','2024-10-16 23:42:18.261054','eyJhbGciOiJIUzI1NiJ9.eyJ1c2VySWQiOjI5LCJpYXQiOjE3Mjg0ODQ5MzgsImV4cCI6MTcyOTA4OTczOH0.vOb4qYgBsEE7FxRf_DS7WQUVVZoJyMVJOB3eBKCVoQE',29),(229,'2024-10-09 23:42:35.267047',_binary '','2024-10-16 23:42:35.265122','eyJhbGciOiJIUzI1NiJ9.eyJ1c2VySWQiOjMwLCJpYXQiOjE3Mjg0ODQ5NTUsImV4cCI6MTcyOTA4OTc1NX0.2UNuw7sCZHy-BleZO5d1CcNhrsmNSmFceHy52rL34xo',30),(230,'2024-10-09 23:43:59.830217',_binary '','2024-10-16 23:43:59.828392','eyJhbGciOiJIUzI1NiJ9.eyJ1c2VySWQiOjI5LCJpYXQiOjE3Mjg0ODUwMzksImV4cCI6MTcyOTA4OTgzOX0.kzFuKJj06f4aXX7MqM85MGXcA1rgcwUW9J8RFF_ATb4',29),(231,'2024-10-09 23:55:55.620793',_binary '','2024-10-16 23:55:55.618833','eyJhbGciOiJIUzI1NiJ9.eyJ1c2VySWQiOjE4LCJpYXQiOjE3Mjg0ODU3NTUsImV4cCI6MTcyOTA5MDU1NX0.YRTmKQBkQK7zcGtFQ-u6Prnl7VECVVvlE0lCZAwj1Ug',18),(232,'2024-10-09 23:57:50.160344',_binary '','2024-10-16 23:57:50.158782','eyJhbGciOiJIUzI1NiJ9.eyJ1c2VySWQiOjI5LCJpYXQiOjE3Mjg0ODU4NzAsImV4cCI6MTcyOTA5MDY3MH0.Q6WRV8uxfrCveLBpBwtwsx_hJC3umDCbram91yTot0U',29),(233,'2024-10-09 23:59:27.834987',_binary '','2024-10-16 23:59:27.833381','eyJhbGciOiJIUzI1NiJ9.eyJ1c2VySWQiOjI5LCJpYXQiOjE3Mjg0ODU5NjcsImV4cCI6MTcyOTA5MDc2N30.ad2lXF2o-fCpi3DGmY6pSFuOKBqDLlu6YhKdfEaXX_g',29),(234,'2024-10-10 00:00:23.535850',_binary '','2024-10-17 00:00:23.534303','eyJhbGciOiJIUzI1NiJ9.eyJ1c2VySWQiOjMwLCJpYXQiOjE3Mjg0ODYwMjMsImV4cCI6MTcyOTA5MDgyM30.grPr_A65cvTRGGQt5E7f5YgA98oB74RfW6rMSOVE3Os',30),(235,'2024-10-10 00:00:36.333652',_binary '','2024-10-17 00:00:36.332037','eyJhbGciOiJIUzI1NiJ9.eyJ1c2VySWQiOjMwLCJpYXQiOjE3Mjg0ODYwMzYsImV4cCI6MTcyOTA5MDgzNn0.MPjpspdPYqZRwhzVShyOZxSXYpxGSk7yeTYTi7BpB1Y',30),(236,'2024-10-10 00:01:03.979066',_binary '','2024-10-17 00:01:03.977648','eyJhbGciOiJIUzI1NiJ9.eyJ1c2VySWQiOjMwLCJpYXQiOjE3Mjg0ODYwNjMsImV4cCI6MTcyOTA5MDg2M30.mf81DMK1GAMu_dWbuHY9UDgHrBXjSlKI8U5-mVI3844',30),(237,'2024-10-10 00:06:46.463571',_binary '','2024-10-17 00:06:46.461987','eyJhbGciOiJIUzI1NiJ9.eyJ1c2VySWQiOjI5LCJpYXQiOjE3Mjg0ODY0MDYsImV4cCI6MTcyOTA5MTIwNn0.jzylwUaeomQ3J3Ee9rTF9hkss5NOfALQnRPjsScT-QM',29),(238,'2024-10-10 00:07:14.833758',_binary '','2024-10-17 00:07:14.831921','eyJhbGciOiJIUzI1NiJ9.eyJ1c2VySWQiOjMwLCJpYXQiOjE3Mjg0ODY0MzQsImV4cCI6MTcyOTA5MTIzNH0.7YX8EJFD4X_qH9HyU1mj9t-Nl1VKGHjkPp96xX76NrA',30),(239,'2024-10-10 00:28:28.544006',_binary '','2024-10-17 00:28:28.542329','eyJhbGciOiJIUzI1NiJ9.eyJ1c2VySWQiOjE4LCJpYXQiOjE3Mjg0ODc3MDgsImV4cCI6MTcyOTA5MjUwOH0.utaDpKn_p30XodPJEEzGBATJycfgIx1-Y7ldD0EJsfk',18),(240,'2024-10-10 01:06:16.881020',_binary '','2024-10-17 01:06:16.879485','eyJhbGciOiJIUzI1NiJ9.eyJ1c2VySWQiOjI5LCJpYXQiOjE3Mjg0ODk5NzYsImV4cCI6MTcyOTA5NDc3Nn0.dZN2wlTXBQGOX0VwQWyO21jiZKJUGnBAGQ-sOA9s0Kc',29),(241,'2024-10-10 01:06:22.825926',_binary '','2024-10-17 01:06:22.824658','eyJhbGciOiJIUzI1NiJ9.eyJ1c2VySWQiOjMwLCJpYXQiOjE3Mjg0ODk5ODIsImV4cCI6MTcyOTA5NDc4Mn0.3QPk2s_C_4oKrhd812-TsaQ8hQQiEFzDhdD_Vf5ww_U',30),(242,'2024-10-10 01:06:44.802013',_binary '','2024-10-17 01:06:44.800190','eyJhbGciOiJIUzI1NiJ9.eyJ1c2VySWQiOjMwLCJpYXQiOjE3Mjg0OTAwMDQsImV4cCI6MTcyOTA5NDgwNH0.EfkVUmYtV2G8Uh3pChqP1dVKxYbBrc5BBvgwyihFCFk',30),(243,'2024-10-10 01:08:26.310733',_binary '','2024-10-17 01:08:26.309337','eyJhbGciOiJIUzI1NiJ9.eyJ1c2VySWQiOjI5LCJpYXQiOjE3Mjg0OTAxMDYsImV4cCI6MTcyOTA5NDkwNn0.OpgJleopFdtBeAc7j-F5kG-LB0-QM0UC1AX2ppx451U',29),(244,'2024-10-10 01:16:46.451987',_binary '','2024-10-17 01:16:46.450545','eyJhbGciOiJIUzI1NiJ9.eyJ1c2VySWQiOjI5LCJpYXQiOjE3Mjg0OTA2MDYsImV4cCI6MTcyOTA5NTQwNn0.omL63bLRBx7TJuanXQa9hcfmghxnk03Y-utoO2wBAQs',29),(245,'2024-10-10 01:18:27.750659',_binary '','2024-10-17 01:18:27.749439','eyJhbGciOiJIUzI1NiJ9.eyJ1c2VySWQiOjI5LCJpYXQiOjE3Mjg0OTA3MDcsImV4cCI6MTcyOTA5NTUwN30.Tqil64x-8viNlTTTMBxt8kg4Qk8VB5ROQHUBbTKtvjY',29),(246,'2024-10-10 01:22:41.229654',_binary '','2024-10-17 01:22:41.228324','eyJhbGciOiJIUzI1NiJ9.eyJ1c2VySWQiOjI5LCJpYXQiOjE3Mjg0OTA5NjEsImV4cCI6MTcyOTA5NTc2MX0.XOBt694DdTkOrkwoU2NnBx4ZfdC0ja3t8lA6dj1_XDg',29),(247,'2024-10-10 01:23:50.967592',_binary '','2024-10-17 01:23:50.966374','eyJhbGciOiJIUzI1NiJ9.eyJ1c2VySWQiOjI5LCJpYXQiOjE3Mjg0OTEwMzAsImV4cCI6MTcyOTA5NTgzMH0.aotL6y8HB6pihcv7h8P6f5TVTU6zE1-j4caqdbp5XCI',29),(248,'2024-10-10 01:28:54.525078',_binary '','2024-10-17 01:28:54.523791','eyJhbGciOiJIUzI1NiJ9.eyJ1c2VySWQiOjI5LCJpYXQiOjE3Mjg0OTEzMzQsImV4cCI6MTcyOTA5NjEzNH0.PwFusCd65rcuccc5sE3EBSlpk460j-7R4XH9lHFmfOU',29),(249,'2024-10-10 01:34:57.265442',_binary '','2024-10-17 01:34:57.263781','eyJhbGciOiJIUzI1NiJ9.eyJ1c2VySWQiOjMwLCJpYXQiOjE3Mjg0OTE2OTcsImV4cCI6MTcyOTA5NjQ5N30.qBi_06v_jFQmIFfJoicFV06IKzSpFsQ-_wqpU5uDPxM',30),(250,'2024-10-10 01:35:28.862552',_binary '','2024-10-17 01:35:28.861360','eyJhbGciOiJIUzI1NiJ9.eyJ1c2VySWQiOjI5LCJpYXQiOjE3Mjg0OTE3MjgsImV4cCI6MTcyOTA5NjUyOH0.ekdSvam0hbirCmDCEXpJvC-4-CUsgmGtRI06SypmNjE',29),(251,'2024-10-10 01:35:53.627400',_binary '','2024-10-17 01:35:53.626278','eyJhbGciOiJIUzI1NiJ9.eyJ1c2VySWQiOjMwLCJpYXQiOjE3Mjg0OTE3NTMsImV4cCI6MTcyOTA5NjU1M30.9rBisRijmKHvvT6AYcS0SDtbD5dMtr97ALDW28MZ-cc',30),(252,'2024-10-10 01:37:23.712977',_binary '','2024-10-17 01:37:23.711799','eyJhbGciOiJIUzI1NiJ9.eyJ1c2VySWQiOjI5LCJpYXQiOjE3Mjg0OTE4NDMsImV4cCI6MTcyOTA5NjY0M30.lY6HY4Ubzi4Q4iWjQcZS4Trx-Q_ojpwYfKSEkIuqisQ',29),(253,'2024-10-10 01:37:32.971508',_binary '','2024-10-17 01:37:32.970274','eyJhbGciOiJIUzI1NiJ9.eyJ1c2VySWQiOjI5LCJpYXQiOjE3Mjg0OTE4NTIsImV4cCI6MTcyOTA5NjY1Mn0.0CnmLPoTud4ARckkY5Gt7bvsiM6QzXWp6uyOkdH_RRM',29),(254,'2024-10-10 01:37:51.212278',_binary '','2024-10-17 01:37:51.211119','eyJhbGciOiJIUzI1NiJ9.eyJ1c2VySWQiOjI5LCJpYXQiOjE3Mjg0OTE4NzEsImV4cCI6MTcyOTA5NjY3MX0.p9Obxpvrg0zMfNcmPl0dyJDcdBeDgHVlKJV7Mtlplto',29),(255,'2024-10-10 01:38:13.993909',_binary '','2024-10-17 01:38:13.992603','eyJhbGciOiJIUzI1NiJ9.eyJ1c2VySWQiOjI5LCJpYXQiOjE3Mjg0OTE4OTMsImV4cCI6MTcyOTA5NjY5M30.OGQOF1wfpl_hyxqb2OmyfG1MAI8c6qedPMl_tJFYg48',29),(256,'2024-10-10 01:40:11.659808',_binary '','2024-10-17 01:40:11.658580','eyJhbGciOiJIUzI1NiJ9.eyJ1c2VySWQiOjI5LCJpYXQiOjE3Mjg0OTIwMTEsImV4cCI6MTcyOTA5NjgxMX0.yZ_4U7eKW9HqnLGkcsCwCe_bgZRLIpIwBlY8jbK6tfk',29),(257,'2024-10-10 01:40:19.025711',_binary '','2024-10-17 01:40:19.024340','eyJhbGciOiJIUzI1NiJ9.eyJ1c2VySWQiOjMwLCJpYXQiOjE3Mjg0OTIwMTksImV4cCI6MTcyOTA5NjgxOX0.F819O3NpcY6naH3Hgt5xxT0yFVQu3uAiyOxxwJKvsYA',30),(258,'2024-10-10 01:40:24.579795',_binary '','2024-10-17 01:40:24.578712','eyJhbGciOiJIUzI1NiJ9.eyJ1c2VySWQiOjI5LCJpYXQiOjE3Mjg0OTIwMjQsImV4cCI6MTcyOTA5NjgyNH0.lktSFxaPMkoMyIj01bFMQ5_2C5cLdC3RepLAi-Scb04',29),(259,'2024-10-10 01:40:34.185730',_binary '','2024-10-17 01:40:34.184547','eyJhbGciOiJIUzI1NiJ9.eyJ1c2VySWQiOjI5LCJpYXQiOjE3Mjg0OTIwMzQsImV4cCI6MTcyOTA5NjgzNH0.jlmEob5S4hk3avGwaES7lFswixoXCuaEBqnM68mAJug',29),(260,'2024-10-10 01:40:46.085110',_binary '','2024-10-17 01:40:46.083902','eyJhbGciOiJIUzI1NiJ9.eyJ1c2VySWQiOjI5LCJpYXQiOjE3Mjg0OTIwNDYsImV4cCI6MTcyOTA5Njg0Nn0.e65GjyjOp9nv1ZO3YPZk_7r3LN1Kk9MHv7BUWIvkZ9U',29),(261,'2024-10-10 01:40:52.767255',_binary '','2024-10-17 01:40:52.766160','eyJhbGciOiJIUzI1NiJ9.eyJ1c2VySWQiOjMwLCJpYXQiOjE3Mjg0OTIwNTIsImV4cCI6MTcyOTA5Njg1Mn0.iS-QVuJhmSBHxSs3a1vwuRsGfmb_DQRqFgCRQI8lZ1A',30),(262,'2024-10-10 01:41:02.575600',_binary '','2024-10-17 01:41:02.573848','eyJhbGciOiJIUzI1NiJ9.eyJ1c2VySWQiOjI5LCJpYXQiOjE3Mjg0OTIwNjIsImV4cCI6MTcyOTA5Njg2Mn0.vHnX0JmD18D4WeW3g0qVLcvNLwY9yndQGbWN_7E6NwU',29),(263,'2024-10-10 01:41:20.845599',_binary '','2024-10-17 01:41:20.844483','eyJhbGciOiJIUzI1NiJ9.eyJ1c2VySWQiOjMwLCJpYXQiOjE3Mjg0OTIwODAsImV4cCI6MTcyOTA5Njg4MH0.XyeW7bAsm9sYD-il7YRn3MOF4FxmwS-v2tT89hG1QNY',30),(264,'2024-10-10 01:43:04.312252',_binary '','2024-10-17 01:43:04.311113','eyJhbGciOiJIUzI1NiJ9.eyJ1c2VySWQiOjI5LCJpYXQiOjE3Mjg0OTIxODQsImV4cCI6MTcyOTA5Njk4NH0.CHlU197YkK91EdSv2br80Kpgd45dGj6zVj-XEiWOecM',29),(265,'2024-10-10 01:44:08.504487',_binary '','2024-10-17 01:44:08.503253','eyJhbGciOiJIUzI1NiJ9.eyJ1c2VySWQiOjMwLCJpYXQiOjE3Mjg0OTIyNDgsImV4cCI6MTcyOTA5NzA0OH0.eo0WmJEGOyLLJMFedRUBLAymS-DIbfuilpKdr2lG-gA',30),(266,'2024-10-10 01:45:37.766223',_binary '','2024-10-17 01:45:37.765034','eyJhbGciOiJIUzI1NiJ9.eyJ1c2VySWQiOjMwLCJpYXQiOjE3Mjg0OTIzMzcsImV4cCI6MTcyOTA5NzEzN30.xg1YM_9PUTfFsVj9BAwNBkyTnfGGMdyL-rRVaxDlTz4',30),(267,'2024-10-10 01:58:52.524082',_binary '\0','2024-10-17 01:58:52.522969','eyJhbGciOiJIUzI1NiJ9.eyJ1c2VySWQiOjI5LCJpYXQiOjE3Mjg0OTMxMzIsImV4cCI6MTcyOTA5NzkzMn0.Yh4afw6-zBOkN3VN7o1tkOaaw8KmLkLLLtDkN_jx9y8',29),(268,'2024-10-10 02:14:33.209605',_binary '\0','2024-10-17 02:14:33.208392','eyJhbGciOiJIUzI1NiJ9.eyJ1c2VySWQiOjI5LCJpYXQiOjE3Mjg0OTQwNzMsImV4cCI6MTcyOTA5ODg3M30.7-xXowDxFmoVu7YTwWvB2Jhs-5lZSuMzQYL_plV5eEw',29),(269,'2024-10-10 03:31:19.366860',_binary '','2024-10-17 03:31:19.361500','eyJhbGciOiJIUzI1NiJ9.eyJ1c2VySWQiOjI5LCJpYXQiOjE3Mjg0OTg2NzksImV4cCI6MTcyOTEwMzQ3OX0.SktkkxVdr70tdJbqRoaAimMeZJYh9YLJNWO47XYpGKA',29),(270,'2024-10-10 03:31:27.952035',_binary '','2024-10-17 03:31:27.950053','eyJhbGciOiJIUzI1NiJ9.eyJ1c2VySWQiOjI5LCJpYXQiOjE3Mjg0OTg2ODcsImV4cCI6MTcyOTEwMzQ4N30.jgUkpg8tBwTwopcT4FnSW2nz4_sbn2nlONFBrnGrd0w',29),(271,'2024-10-10 03:32:08.072093',_binary '','2024-10-17 03:32:08.071005','eyJhbGciOiJIUzI1NiJ9.eyJ1c2VySWQiOjMwLCJpYXQiOjE3Mjg0OTg3MjgsImV4cCI6MTcyOTEwMzUyOH0.S_4gcCzZRxY2j7ogIK1A6Qr-porejyqmvGddcaCF4mg',30),(272,'2024-10-10 03:56:55.783203',_binary '\0','2024-10-17 03:56:55.781777','eyJhbGciOiJIUzI1NiJ9.eyJ1c2VySWQiOjMwLCJpYXQiOjE3Mjg1MDAyMTUsImV4cCI6MTcyOTEwNTAxNX0.VBDH6m7bf-1TwHlYkVCe1nPtZhMWOReiqf3aroBRVrk',30),(273,'2024-10-10 06:56:44.372035',_binary '','2024-10-17 06:56:44.370889','eyJhbGciOiJIUzI1NiJ9.eyJ1c2VySWQiOjI5LCJpYXQiOjE3Mjg1MTEwMDQsImV4cCI6MTcyOTExNTgwNH0.Qe5dq3VC2y3LU7EKcHaX5vOvLP3OpMBELLMSQGdZOl0',29),(274,'2024-10-10 08:14:11.314357',_binary '\0','2024-10-17 08:14:11.311984','eyJhbGciOiJIUzI1NiJ9.eyJ1c2VySWQiOjI5LCJpYXQiOjE3Mjg1MTU2NTEsImV4cCI6MTcyOTEyMDQ1MX0.tQITCPjnbNR1Ko0ze_idCp5ggoCjCc07-gYLluIqbHs',29),(275,'2024-10-10 08:20:00.398552',_binary '','2024-10-17 08:20:00.397248','eyJhbGciOiJIUzI1NiJ9.eyJ1c2VySWQiOjI5LCJpYXQiOjE3Mjg1MTYwMDAsImV4cCI6MTcyOTEyMDgwMH0.ykx2XS9MDH21gbun_Et_etb_z-8UQW1rER34yPs_iC8',29),(276,'2024-10-10 08:22:28.856838',_binary '\0','2024-10-17 08:22:28.855673','eyJhbGciOiJIUzI1NiJ9.eyJ1c2VySWQiOjMwLCJpYXQiOjE3Mjg1MTYxNDgsImV4cCI6MTcyOTEyMDk0OH0.PDgyQaveOh8vG1wbMe_37ngSpHS8P9aptfgzA3xzt5E',30),(277,'2024-10-10 08:41:01.129941',_binary '\0','2024-10-17 08:41:01.128861','eyJhbGciOiJIUzI1NiJ9.eyJ1c2VySWQiOjI5LCJpYXQiOjE3Mjg1MTcyNjEsImV4cCI6MTcyOTEyMjA2MX0.fp9U-2xHPDMNgNoaP9sE0PejiCtxHqVnyBe2AAwKyVk',29),(278,'2024-10-10 08:42:06.911742',_binary '\0','2024-10-17 08:42:06.910725','eyJhbGciOiJIUzI1NiJ9.eyJ1c2VySWQiOjMwLCJpYXQiOjE3Mjg1MTczMjYsImV4cCI6MTcyOTEyMjEyNn0.r_XeLh0wpBu5gHJsaabx8q2bj3INc3WGhEWHBuXTJuc',30),(279,'2024-10-10 08:42:23.993209',_binary '\0','2024-10-17 08:42:23.992121','eyJhbGciOiJIUzI1NiJ9.eyJ1c2VySWQiOjI5LCJpYXQiOjE3Mjg1MTczNDMsImV4cCI6MTcyOTEyMjE0M30.9dlNgnGAXdLoZJEgxrGT9smz4jkDW2coKl65WE4g1sI',29),(280,'2024-10-10 09:07:47.553713',_binary '\0','2024-10-17 09:07:47.552649','eyJhbGciOiJIUzI1NiJ9.eyJ1c2VySWQiOjI5LCJpYXQiOjE3Mjg1MTg4NjcsImV4cCI6MTcyOTEyMzY2N30.UKv6ycTsKwx6CSZT7n8dIgYCJlS6S7_PX0NefY4rm8Y',29),(281,'2024-10-10 09:10:17.541468',_binary '\0','2024-10-17 09:10:17.540293','eyJhbGciOiJIUzI1NiJ9.eyJ1c2VySWQiOjI5LCJpYXQiOjE3Mjg1MTkwMTcsImV4cCI6MTcyOTEyMzgxN30.CVvgosGUTHY9aaPFbwnBNSQ6h_2lHxAxN8gGTIhydIo',29),(282,'2024-10-10 09:33:00.096683',_binary '','2024-10-17 09:33:00.090096','eyJhbGciOiJIUzI1NiJ9.eyJ1c2VySWQiOjI5LCJpYXQiOjE3Mjg1MjAzODAsImV4cCI6MTcyOTEyNTE4MH0.YJi1THqR78CMR52whCCYTxHAB1VRoT29by4LPdT71w4',29),(283,'2024-10-10 09:33:13.200609',_binary '','2024-10-17 09:33:13.198445','eyJhbGciOiJIUzI1NiJ9.eyJ1c2VySWQiOjI5LCJpYXQiOjE3Mjg1MjAzOTMsImV4cCI6MTcyOTEyNTE5M30.ce0vJZyZI1PZfli1dGLd42csDf2HBYQvNlpScE8Gkkw',29),(284,'2024-10-10 09:33:28.908096',_binary '','2024-10-17 09:33:28.906369','eyJhbGciOiJIUzI1NiJ9.eyJ1c2VySWQiOjI5LCJpYXQiOjE3Mjg1MjA0MDgsImV4cCI6MTcyOTEyNTIwOH0.oZT2qQsmLCsAVX9OjTPOBVXUfarH5gxUXkXYGnwop20',29),(285,'2024-10-10 09:33:32.959289',_binary '\0','2024-10-17 09:33:32.957594','eyJhbGciOiJIUzI1NiJ9.eyJ1c2VySWQiOjMwLCJpYXQiOjE3Mjg1MjA0MTIsImV4cCI6MTcyOTEyNTIxMn0.hdOQyd9qVIqcF2T_ovAeQx8IfPRYqXVmgdqQff-8Kns',30),(286,'2024-10-10 09:34:06.956212',_binary '\0','2024-10-17 09:34:06.954485','eyJhbGciOiJIUzI1NiJ9.eyJ1c2VySWQiOjMwLCJpYXQiOjE3Mjg1MjA0NDYsImV4cCI6MTcyOTEyNTI0Nn0.Fvo5KIt-TETUdKSlZH0pekGE7_ijJz6niOLzeCUjoWE',30),(287,'2024-10-10 09:57:32.520579',_binary '\0','2024-10-17 09:57:32.518890','eyJhbGciOiJIUzI1NiJ9.eyJ1c2VySWQiOjE3LCJpYXQiOjE3Mjg1MjE4NTIsImV4cCI6MTcyOTEyNjY1Mn0.MwuBUo99LiXD1tRvrEsLku_m9eD08ESvEs5cMNU2fOM',17),(288,'2024-10-10 10:05:38.965510',_binary '\0','2024-10-17 10:05:38.963914','eyJhbGciOiJIUzI1NiJ9.eyJ1c2VySWQiOjI5LCJpYXQiOjE3Mjg1MjIzMzgsImV4cCI6MTcyOTEyNzEzOH0.TOKtCKgeRa8uPtfLuQ0oA6ZQoMl9DIpyURJvUXgHh2A',29),(289,'2024-10-10 10:06:20.600179',_binary '\0','2024-10-17 10:06:20.598442','eyJhbGciOiJIUzI1NiJ9.eyJ1c2VySWQiOjI5LCJpYXQiOjE3Mjg1MjIzODAsImV4cCI6MTcyOTEyNzE4MH0.rdIjNkKdPAcbdQotG0D_9jpXXeodirLmsMi7Z2O1gv8',29),(290,'2024-10-10 10:35:18.428685',_binary '\0','2024-10-17 10:35:18.427168','eyJhbGciOiJIUzI1NiJ9.eyJ1c2VySWQiOjI5LCJpYXQiOjE3Mjg1MjQxMTgsImV4cCI6MTcyOTEyODkxOH0._6OX5RgwWDDeQ30USpMgmCaNYYe6sHp3OC8T94mSHSw',29),(291,'2024-10-10 10:35:34.366634',_binary '\0','2024-10-17 10:35:34.365055','eyJhbGciOiJIUzI1NiJ9.eyJ1c2VySWQiOjI5LCJpYXQiOjE3Mjg1MjQxMzQsImV4cCI6MTcyOTEyODkzNH0.5R5LTRcfzElOZlu1rexQP0jMkQp45E8uInVTEv3_P7w',29),(292,'2024-10-10 10:39:37.009002',_binary '','2024-10-17 10:39:37.007255','eyJhbGciOiJIUzI1NiJ9.eyJ1c2VySWQiOjI5LCJpYXQiOjE3Mjg1MjQzNzcsImV4cCI6MTcyOTEyOTE3N30.z3TcyA8NW52zYpr0CHTB2kvd_plJblWC6dgBWOX5hts',29),(293,'2024-10-10 10:40:14.275940',_binary '','2024-10-17 10:40:14.274311','eyJhbGciOiJIUzI1NiJ9.eyJ1c2VySWQiOjI5LCJpYXQiOjE3Mjg1MjQ0MTQsImV4cCI6MTcyOTEyOTIxNH0.6mdmZD_qbRmeVtPzB25v6s4_cDvJXrREr8WlA9NeUaY',29),(294,'2024-10-10 10:40:35.257543',_binary '','2024-10-17 10:40:35.256001','eyJhbGciOiJIUzI1NiJ9.eyJ1c2VySWQiOjMwLCJpYXQiOjE3Mjg1MjQ0MzUsImV4cCI6MTcyOTEyOTIzNX0.3N4cTlO0fxqw4LBbz39J9ioEzJacgNkd377G5WYkrV4',30),(295,'2024-10-10 10:42:21.570184',_binary '\0','2024-10-17 10:42:21.568642','eyJhbGciOiJIUzI1NiJ9.eyJ1c2VySWQiOjIyLCJpYXQiOjE3Mjg1MjQ1NDEsImV4cCI6MTcyOTEyOTM0MX0.tUqkY_fGdEhzzX_OeOfnk0kUZJyGf05SVYvnp-AMAYk',22),(296,'2024-10-10 10:46:22.684962',_binary '\0','2024-10-17 10:46:22.683646','eyJhbGciOiJIUzI1NiJ9.eyJ1c2VySWQiOjMwLCJpYXQiOjE3Mjg1MjQ3ODIsImV4cCI6MTcyOTEyOTU4Mn0.6k17FV2Un_ETo1GshyhLSA2AfsbF3gKwoIfdvn8K1B0',30),(297,'2024-10-10 11:52:20.596770',_binary '','2024-10-17 11:52:20.595423','eyJhbGciOiJIUzI1NiJ9.eyJ1c2VySWQiOjMwLCJpYXQiOjE3Mjg1Mjg3NDAsImV4cCI6MTcyOTEzMzU0MH0.YcFyaqjoTzk41q9Cn3EAhvQQiTE5xgSRIM6CFIVd_p8',30),(298,'2024-10-10 12:20:36.977217',_binary '','2024-10-17 12:20:36.975722','eyJhbGciOiJIUzI1NiJ9.eyJ1c2VySWQiOjI5LCJpYXQiOjE3Mjg1MzA0MzYsImV4cCI6MTcyOTEzNTIzNn0.o4Y1gxWnfyrQ1GsMzUxldGoXA1LS4QKf1kaP_lRMJGQ',29),(299,'2024-10-10 12:30:26.184365',_binary '\0','2024-10-17 12:30:26.182747','eyJhbGciOiJIUzI1NiJ9.eyJ1c2VySWQiOjMwLCJpYXQiOjE3Mjg1MzEwMjYsImV4cCI6MTcyOTEzNTgyNn0.qYTkQGaxz4vGfiGk06LBNsNS-RVhmOMe6GwhA1P-iyA',30),(300,'2024-10-10 12:41:00.063608',_binary '','2024-10-17 12:41:00.061800','eyJhbGciOiJIUzI1NiJ9.eyJ1c2VySWQiOjIyLCJpYXQiOjE3Mjg1MzE2NjAsImV4cCI6MTcyOTEzNjQ2MH0.ouEyYTOHiBnVH7htf15Iy6s2pZ5wcvQ4edreB_QqlPw',22),(301,'2024-10-10 12:43:16.828085',_binary '','2024-10-17 12:43:16.825110','eyJhbGciOiJIUzI1NiJ9.eyJ1c2VySWQiOjM3LCJpYXQiOjE3Mjg1MzE3OTYsImV4cCI6MTcyOTEzNjU5Nn0.4SlKLZVMMPyfHyyJeV4h84nALP1M9NAD-MgbFkynntA',37),(302,'2024-10-10 12:43:55.843131',_binary '','2024-10-17 12:43:55.841964','eyJhbGciOiJIUzI1NiJ9.eyJ1c2VySWQiOjMwLCJpYXQiOjE3Mjg1MzE4MzUsImV4cCI6MTcyOTEzNjYzNX0.Ry2cPXg0wwRCwYqYMTTKeUB9Qztg0Z_4GVIR3RhCLMw',30),(303,'2024-10-10 12:54:36.863034',_binary '\0','2024-10-17 12:54:36.861861','eyJhbGciOiJIUzI1NiJ9.eyJ1c2VySWQiOjI3LCJpYXQiOjE3Mjg1MzI0NzYsImV4cCI6MTcyOTEzNzI3Nn0.6-dEzt3eGXwUIDKpRdOlz-wxzasZp58KJ3IXa_e6TLY',27),(304,'2024-10-10 12:56:00.256242',_binary '\0','2024-10-17 12:56:00.255144','eyJhbGciOiJIUzI1NiJ9.eyJ1c2VySWQiOjMwLCJpYXQiOjE3Mjg1MzI1NjAsImV4cCI6MTcyOTEzNzM2MH0.LawqfNT6ljIE7NIpXv_Aj7BS8TLDhwwYhPszRsuBg8o',30),(305,'2024-10-10 12:56:27.777272',_binary '\0','2024-10-17 12:56:27.776042','eyJhbGciOiJIUzI1NiJ9.eyJ1c2VySWQiOjM3LCJpYXQiOjE3Mjg1MzI1ODcsImV4cCI6MTcyOTEzNzM4N30.CavRDWNQ8FDp9fg0GxDnFBYE1a0bJD3z9VL4DyuiIFM',37),(306,'2024-10-10 13:13:36.782619',_binary '\0','2024-10-17 13:13:36.781412','eyJhbGciOiJIUzI1NiJ9.eyJ1c2VySWQiOjI5LCJpYXQiOjE3Mjg1MzM2MTYsImV4cCI6MTcyOTEzODQxNn0.sxk8aDHoVumVOk6CVj0Q1dEZJHdCXPyL-blYfm4cvLQ',29),(307,'2024-10-10 13:13:55.699487',_binary '\0','2024-10-17 13:13:55.698431','eyJhbGciOiJIUzI1NiJ9.eyJ1c2VySWQiOjI5LCJpYXQiOjE3Mjg1MzM2MzUsImV4cCI6MTcyOTEzODQzNX0.vWMpCwJYhiYEXWKo7MbO9un9EB5VevUd2h3ZqW7uu_I',29),(308,'2024-10-10 13:13:57.060192',_binary '\0','2024-10-17 13:13:57.058936','eyJhbGciOiJIUzI1NiJ9.eyJ1c2VySWQiOjMwLCJpYXQiOjE3Mjg1MzM2MzcsImV4cCI6MTcyOTEzODQzN30.kKIyKVkPk9Y3k-4oLCI4x1QsEhouwI86xQXg21vK1mo',30),(309,'2024-10-10 13:18:23.863368',_binary '','2024-10-17 13:18:23.862287','eyJhbGciOiJIUzI1NiJ9.eyJ1c2VySWQiOjMwLCJpYXQiOjE3Mjg1MzM5MDMsImV4cCI6MTcyOTEzODcwM30.ujEQBkADBEUqtX-w8O0Do5bVHx0OcYdbAivg-UwaXbE',30),(310,'2024-10-10 13:18:32.178090',_binary '','2024-10-17 13:18:32.177050','eyJhbGciOiJIUzI1NiJ9.eyJ1c2VySWQiOjI5LCJpYXQiOjE3Mjg1MzM5MTIsImV4cCI6MTcyOTEzODcxMn0.WuaiU05JVWgWfiU2HvbN3QodTO1N0ZRo1smSb6N9cTg',29),(311,'2024-10-10 13:19:23.110817',_binary '','2024-10-17 13:19:23.109728','eyJhbGciOiJIUzI1NiJ9.eyJ1c2VySWQiOjMwLCJpYXQiOjE3Mjg1MzM5NjMsImV4cCI6MTcyOTEzODc2M30.N1zbDzYeEBLj_boBuimZdK9EVYlzgCAZ27lM2ZmdRA0',30),(312,'2024-10-10 14:06:09.604300',_binary '\0','2024-10-17 14:06:09.603202','eyJhbGciOiJIUzI1NiJ9.eyJ1c2VySWQiOjIzLCJpYXQiOjE3Mjg1MzY3NjksImV4cCI6MTcyOTE0MTU2OX0.L0EDqtuPq2bY5hCcufit-0mElZ9eln9szprj8kYodKk',23),(313,'2024-10-10 14:09:10.053654',_binary '\0','2024-10-17 14:09:10.052638','eyJhbGciOiJIUzI1NiJ9.eyJ1c2VySWQiOjMwLCJpYXQiOjE3Mjg1MzY5NTAsImV4cCI6MTcyOTE0MTc1MH0.nZy4TsNWtp3LkinuxjOQBgffmkFbT1pygD-EEoyRvlQ',30),(314,'2024-10-10 14:25:47.799419',_binary '\0','2024-10-17 14:25:47.798321','eyJhbGciOiJIUzI1NiJ9.eyJ1c2VySWQiOjIzLCJpYXQiOjE3Mjg1Mzc5NDcsImV4cCI6MTcyOTE0Mjc0N30.rrwPOivYXCL-01XN0vp5NjVe1OrfHoKarJ8243gRQfU',23),(315,'2024-10-10 14:31:41.337853',_binary '','2024-10-17 14:31:41.336814','eyJhbGciOiJIUzI1NiJ9.eyJ1c2VySWQiOjI5LCJpYXQiOjE3Mjg1MzgzMDEsImV4cCI6MTcyOTE0MzEwMX0.RQ6TJnE1-GhzdRymMASZsxnX__bvUAr62V2jnOadTLc',29),(316,'2024-10-10 14:33:22.101957',_binary '\0','2024-10-17 14:33:22.100952','eyJhbGciOiJIUzI1NiJ9.eyJ1c2VySWQiOjIyLCJpYXQiOjE3Mjg1Mzg0MDIsImV4cCI6MTcyOTE0MzIwMn0.d8G6fsbzu9UyuIZ1jRtq3CnvJ4oVFDY9UUhLJE3NNP4',22),(317,'2024-10-10 15:31:56.676794',_binary '','2024-10-17 15:31:56.675698','eyJhbGciOiJIUzI1NiJ9.eyJ1c2VySWQiOjI5LCJpYXQiOjE3Mjg1NDE5MTYsImV4cCI6MTcyOTE0NjcxNn0.vIY1yv4U9HSeKuz2-keSUYnRap1rCmQXolCzTvBZBcc',29),(318,'2024-10-10 15:32:05.995787',_binary '','2024-10-17 15:32:05.994743','eyJhbGciOiJIUzI1NiJ9.eyJ1c2VySWQiOjI5LCJpYXQiOjE3Mjg1NDE5MjUsImV4cCI6MTcyOTE0NjcyNX0.LHqXxPr_HNxHtcLu3YMaZUX5lMMAVdZz6caOxCA50pY',29),(319,'2024-10-10 15:32:20.836151',_binary '','2024-10-17 15:32:20.835157','eyJhbGciOiJIUzI1NiJ9.eyJ1c2VySWQiOjI5LCJpYXQiOjE3Mjg1NDE5NDAsImV4cCI6MTcyOTE0Njc0MH0.UniHquaygiztn8xBqJQW_xzvBUptZeGvRPqf306S6Do',29),(320,'2024-10-10 15:32:33.118350',_binary '','2024-10-17 15:32:33.117358','eyJhbGciOiJIUzI1NiJ9.eyJ1c2VySWQiOjMwLCJpYXQiOjE3Mjg1NDE5NTMsImV4cCI6MTcyOTE0Njc1M30.82VO-D8P1mIOaN-ALYAKar_0kFDwxxgW2m9fg7Q0SIA',30),(321,'2024-10-10 15:32:41.637519',_binary '','2024-10-17 15:32:41.636373','eyJhbGciOiJIUzI1NiJ9.eyJ1c2VySWQiOjMwLCJpYXQiOjE3Mjg1NDE5NjEsImV4cCI6MTcyOTE0Njc2MX0.T-J8GFtx08ER50DiZZi3K-NtiDJdPP-7dbXrDScIWxI',30),(322,'2024-10-10 15:32:52.523612',_binary '','2024-10-17 15:32:52.522597','eyJhbGciOiJIUzI1NiJ9.eyJ1c2VySWQiOjI5LCJpYXQiOjE3Mjg1NDE5NzIsImV4cCI6MTcyOTE0Njc3Mn0.iTAclNWpeD7RITXneJDzY4kn-_hw4kR5bgBMgZRzl58',29),(323,'2024-10-10 15:33:12.630701',_binary '\0','2024-10-17 15:33:12.629695','eyJhbGciOiJIUzI1NiJ9.eyJ1c2VySWQiOjMwLCJpYXQiOjE3Mjg1NDE5OTIsImV4cCI6MTcyOTE0Njc5Mn0._LhMlYH9J7tEJeCjkX3OyAZ011_aQejjvMpZ8-xA-Vw',30),(324,'2024-10-10 15:34:21.756194',_binary '','2024-10-17 15:34:21.755244','eyJhbGciOiJIUzI1NiJ9.eyJ1c2VySWQiOjI5LCJpYXQiOjE3Mjg1NDIwNjEsImV4cCI6MTcyOTE0Njg2MX0.6XfRsKEfm1ZiGYILkaUtgL_X1wBUFmN6KCvNSEKeZ8A',29),(325,'2024-10-10 15:35:31.836645',_binary '','2024-10-17 15:35:31.835584','eyJhbGciOiJIUzI1NiJ9.eyJ1c2VySWQiOjMwLCJpYXQiOjE3Mjg1NDIxMzEsImV4cCI6MTcyOTE0NjkzMX0.rarVB39MeBO4hcntkJjE1lS9SpEdtLADCIIu645vlDE',30),(326,'2024-10-10 15:48:02.609444',_binary '\0','2024-10-17 15:48:02.608339','eyJhbGciOiJIUzI1NiJ9.eyJ1c2VySWQiOjI5LCJpYXQiOjE3Mjg1NDI4ODIsImV4cCI6MTcyOTE0NzY4Mn0.Cjt72estZRNc_W6RQ3C0FVjZjFYhe3M_SyyuQ5sEVKY',29),(327,'2024-10-10 15:48:51.513866',_binary '\0','2024-10-17 15:48:51.512723','eyJhbGciOiJIUzI1NiJ9.eyJ1c2VySWQiOjI5LCJpYXQiOjE3Mjg1NDI5MzEsImV4cCI6MTcyOTE0NzczMX0.ORcam6CUUe3oW2qwpvrnAJIGX9EbChhnQXje_OSFxzE',29),(328,'2024-10-10 15:49:21.796359',_binary '\0','2024-10-17 15:49:21.795419','eyJhbGciOiJIUzI1NiJ9.eyJ1c2VySWQiOjMwLCJpYXQiOjE3Mjg1NDI5NjEsImV4cCI6MTcyOTE0Nzc2MX0.JSiDg4xjZ4mljKeM8kv8IlKqmsr0WJ4MELmEZd9jTto',30),(329,'2024-10-10 15:55:10.595561',_binary '\0','2024-10-17 15:55:10.593524','eyJhbGciOiJIUzI1NiJ9.eyJ1c2VySWQiOjI5LCJpYXQiOjE3Mjg1NDMzMTAsImV4cCI6MTcyOTE0ODExMH0.WeZSSr-REmjHJRUnn8sSoeOZNDHm5hwuvlzY3js4chA',29),(330,'2024-10-10 15:55:24.708597',_binary '\0','2024-10-17 15:55:24.707621','eyJhbGciOiJIUzI1NiJ9.eyJ1c2VySWQiOjMwLCJpYXQiOjE3Mjg1NDMzMjQsImV4cCI6MTcyOTE0ODEyNH0.XmC9EX1on4JtYPLTAtNk54j5FAEF4xAOWDletva_idI',30),(331,'2024-10-10 16:01:02.137401',_binary '','2024-10-17 16:01:02.136335','eyJhbGciOiJIUzI1NiJ9.eyJ1c2VySWQiOjI5LCJpYXQiOjE3Mjg1NDM2NjIsImV4cCI6MTcyOTE0ODQ2Mn0.FzqxbWIQyb_XuFwFJD3TEgHJNa7t0JiaDwCdihTGR74',29),(332,'2024-10-10 16:01:22.261329',_binary '','2024-10-17 16:01:22.260320','eyJhbGciOiJIUzI1NiJ9.eyJ1c2VySWQiOjMwLCJpYXQiOjE3Mjg1NDM2ODIsImV4cCI6MTcyOTE0ODQ4Mn0.ntLvEq-7vMI-zOTu3amCvTdR7beh8uluXAKDaACwt0Y',30),(333,'2024-10-10 16:25:05.394190',_binary '','2024-10-17 16:25:05.392680','eyJhbGciOiJIUzI1NiJ9.eyJ1c2VySWQiOjI5LCJpYXQiOjE3Mjg1NDUxMDUsImV4cCI6MTcyOTE0OTkwNX0.F2Gy4OjBP-_H4ry78Ta3vU2wsdUIgAiy3ZulPoS5pOE',29),(334,'2024-10-10 16:33:48.811745',_binary '','2024-10-17 16:33:48.810794','eyJhbGciOiJIUzI1NiJ9.eyJ1c2VySWQiOjI5LCJpYXQiOjE3Mjg1NDU2MjgsImV4cCI6MTcyOTE1MDQyOH0.YVECzNDwTuUHrdvw5E4yt54rPCkJ1d6EFH9seJqx1Ks',29),(335,'2024-10-10 16:33:57.999733',_binary '','2024-10-17 16:33:57.998768','eyJhbGciOiJIUzI1NiJ9.eyJ1c2VySWQiOjMwLCJpYXQiOjE3Mjg1NDU2MzcsImV4cCI6MTcyOTE1MDQzN30.w0H8TUiBwPnbkjuGx6ubT0PFu5xAxpXt_oSOGueN7cw',30),(336,'2024-10-10 16:34:18.469633',_binary '\0','2024-10-17 16:34:18.468668','eyJhbGciOiJIUzI1NiJ9.eyJ1c2VySWQiOjMwLCJpYXQiOjE3Mjg1NDU2NTgsImV4cCI6MTcyOTE1MDQ1OH0.FZNGWV1tC0kFbkkhdpDvyi6kFZiyCVNAHh5rMoQROhQ',30),(337,'2024-10-10 16:35:36.729984',_binary '','2024-10-17 16:35:36.728948','eyJhbGciOiJIUzI1NiJ9.eyJ1c2VySWQiOjI5LCJpYXQiOjE3Mjg1NDU3MzYsImV4cCI6MTcyOTE1MDUzNn0.aC49vkFidStQlHbmgichzWF0u38uqXTlVon9jZD-g7g',29),(338,'2024-10-10 16:36:40.675468',_binary '','2024-10-17 16:36:40.674349','eyJhbGciOiJIUzI1NiJ9.eyJ1c2VySWQiOjI5LCJpYXQiOjE3Mjg1NDU4MDAsImV4cCI6MTcyOTE1MDYwMH0.EgNFCnaOzf8sPpCww8kJRcnalncXBz5ZS6yxC7fQ55E',29),(339,'2024-10-10 16:37:36.213045',_binary '','2024-10-17 16:37:36.212012','eyJhbGciOiJIUzI1NiJ9.eyJ1c2VySWQiOjMwLCJpYXQiOjE3Mjg1NDU4NTYsImV4cCI6MTcyOTE1MDY1Nn0.2AqoEHKK32xSQG0AfTop01R1YmwbSdltMVj5hX4WOsM',30),(340,'2024-10-10 16:37:44.032955',_binary '','2024-10-17 16:37:44.031800','eyJhbGciOiJIUzI1NiJ9.eyJ1c2VySWQiOjMwLCJpYXQiOjE3Mjg1NDU4NjQsImV4cCI6MTcyOTE1MDY2NH0.QYPXaAVzTMdfst2tHzfGvu_k_zSguA8x5XoOuUfCehk',30),(341,'2024-10-10 16:37:51.902036',_binary '','2024-10-17 16:37:51.900217','eyJhbGciOiJIUzI1NiJ9.eyJ1c2VySWQiOjI5LCJpYXQiOjE3Mjg1NDU4NzEsImV4cCI6MTcyOTE1MDY3MX0.AL1hlCsRInFjkphTcBicYgVosPbLyWNMeo_PY5Rlr8I',29),(342,'2024-10-10 16:38:08.991278',_binary '\0','2024-10-17 16:38:08.990302','eyJhbGciOiJIUzI1NiJ9.eyJ1c2VySWQiOjI5LCJpYXQiOjE3Mjg1NDU4ODgsImV4cCI6MTcyOTE1MDY4OH0.krFhVUGVNsIhmLupkoivbnTEA8Q5EpzrERRTUcl24dI',29),(343,'2024-10-10 16:38:42.445628',_binary '\0','2024-10-17 16:38:42.444671','eyJhbGciOiJIUzI1NiJ9.eyJ1c2VySWQiOjMwLCJpYXQiOjE3Mjg1NDU5MjIsImV4cCI6MTcyOTE1MDcyMn0.egEVtOG0wvRv34MTQmCNbKrRXWyBnXfDscSZk1nEhj4',30),(344,'2024-10-10 16:41:15.795378',_binary '\0','2024-10-17 16:41:15.794344','eyJhbGciOiJIUzI1NiJ9.eyJ1c2VySWQiOjMwLCJpYXQiOjE3Mjg1NDYwNzUsImV4cCI6MTcyOTE1MDg3NX0._eru3zS7dwcSHmV6tQe7-Lwich1sUNzztLoKulRI4bI',30),(345,'2024-10-10 16:41:57.044610',_binary '\0','2024-10-17 16:41:57.043630','eyJhbGciOiJIUzI1NiJ9.eyJ1c2VySWQiOjMwLCJpYXQiOjE3Mjg1NDYxMTcsImV4cCI6MTcyOTE1MDkxN30.TlqrXxzQ0sIFug1BfPLGhMf5yDjkGMwWDYUns17mm08',30),(346,'2024-10-10 16:43:17.776463',_binary '\0','2024-10-17 16:43:17.775476','eyJhbGciOiJIUzI1NiJ9.eyJ1c2VySWQiOjMwLCJpYXQiOjE3Mjg1NDYxOTcsImV4cCI6MTcyOTE1MDk5N30.-BJyyH0ZeoDO_0-lP1kXsXiZlI5jPeC-ERuFFvpWfnQ',30),(347,'2024-10-10 16:44:00.866799',_binary '\0','2024-10-17 16:44:00.865824','eyJhbGciOiJIUzI1NiJ9.eyJ1c2VySWQiOjMwLCJpYXQiOjE3Mjg1NDYyNDAsImV4cCI6MTcyOTE1MTA0MH0.JTFI1ODaWFmjiojIhO20xD16WFYE_SXAqFcZDtv62Gc',30),(348,'2024-10-10 16:44:40.681423',_binary '\0','2024-10-17 16:44:40.680473','eyJhbGciOiJIUzI1NiJ9.eyJ1c2VySWQiOjMwLCJpYXQiOjE3Mjg1NDYyODAsImV4cCI6MTcyOTE1MTA4MH0.oYCSHvtLgGnDmmNZ2cx1hrKL5M_wiAywS18Pi_WpsN4',30),(349,'2024-10-10 16:45:19.232394',_binary '\0','2024-10-17 16:45:19.231471','eyJhbGciOiJIUzI1NiJ9.eyJ1c2VySWQiOjMwLCJpYXQiOjE3Mjg1NDYzMTksImV4cCI6MTcyOTE1MTExOX0.hMFR4E6JOQvGgRyOy0S945X1frMgBmEIEh0M0DV7r4Y',30),(350,'2024-10-10 16:45:48.142490',_binary '\0','2024-10-17 16:45:48.141456','eyJhbGciOiJIUzI1NiJ9.eyJ1c2VySWQiOjMwLCJpYXQiOjE3Mjg1NDYzNDgsImV4cCI6MTcyOTE1MTE0OH0.kj2lda4SGpFRy2HsvjTNCw5LhAx6ziC12tni6uCTHdg',30),(351,'2024-10-10 16:46:48.312558',_binary '\0','2024-10-17 16:46:48.311601','eyJhbGciOiJIUzI1NiJ9.eyJ1c2VySWQiOjMwLCJpYXQiOjE3Mjg1NDY0MDgsImV4cCI6MTcyOTE1MTIwOH0.DthxGyhNUgKQrTz10huyULZ3dtJQUgWXN_jlLvyg-3M',30),(352,'2024-10-10 16:52:00.096342',_binary '\0','2024-10-17 16:52:00.094912','eyJhbGciOiJIUzI1NiJ9.eyJ1c2VySWQiOjMwLCJpYXQiOjE3Mjg1NDY3MjAsImV4cCI6MTcyOTE1MTUyMH0.JIYav-u6wSet2rAIR8qoNdVafHjr4PtjTuKkftUzVSQ',30),(353,'2024-10-10 17:04:36.055350',_binary '\0','2024-10-17 17:04:36.054362','eyJhbGciOiJIUzI1NiJ9.eyJ1c2VySWQiOjMwLCJpYXQiOjE3Mjg1NDc0NzYsImV4cCI6MTcyOTE1MjI3Nn0.m1XO6lQtOkwYVMm_VX603lT9dadXminG7M--0NMOiKk',30),(354,'2024-10-10 17:04:57.160995',_binary '\0','2024-10-17 17:04:57.160075','eyJhbGciOiJIUzI1NiJ9.eyJ1c2VySWQiOjI5LCJpYXQiOjE3Mjg1NDc0OTcsImV4cCI6MTcyOTE1MjI5N30.mvOof8hM74ENmGn6MZnvYiKPPUuuvGo_jW__v0agGZY',29),(355,'2024-10-10 17:04:59.735720',_binary '\0','2024-10-17 17:04:59.734831','eyJhbGciOiJIUzI1NiJ9.eyJ1c2VySWQiOjI5LCJpYXQiOjE3Mjg1NDc0OTksImV4cCI6MTcyOTE1MjI5OX0.9Ow3wGXKo3lpNcvdKBhDIiiUdE2a8AeJOS-unIF1BEI',29),(356,'2024-10-10 17:05:14.176465',_binary '\0','2024-10-17 17:05:14.175187','eyJhbGciOiJIUzI1NiJ9.eyJ1c2VySWQiOjI5LCJpYXQiOjE3Mjg1NDc1MTQsImV4cCI6MTcyOTE1MjMxNH0.LLp-oYcZ76n19ZG1i-nIkC26MeWs5hEh3oT1wGU7BW0',29),(357,'2024-10-10 18:10:19.596958',_binary '','2024-10-17 18:10:19.595880','eyJhbGciOiJIUzI1NiJ9.eyJ1c2VySWQiOjI5LCJpYXQiOjE3Mjg1NTE0MTksImV4cCI6MTcyOTE1NjIxOX0.L1Q416X2qcpQTdHj_WH1WGPBoMid82NSVqt0_ac2z1I',29),(358,'2024-10-10 18:11:12.006635',_binary '\0','2024-10-17 18:11:12.005710','eyJhbGciOiJIUzI1NiJ9.eyJ1c2VySWQiOjI5LCJpYXQiOjE3Mjg1NTE0NzIsImV4cCI6MTcyOTE1NjI3Mn0.JoAsIIzCfZjxtU1n8z28DMkLeOCk3gTTWeOh6bw_pQw',29),(359,'2024-10-10 18:11:39.409604',_binary '\0','2024-10-17 18:11:39.408589','eyJhbGciOiJIUzI1NiJ9.eyJ1c2VySWQiOjMwLCJpYXQiOjE3Mjg1NTE0OTksImV4cCI6MTcyOTE1NjI5OX0.tc6K_Sv34kRjNgkTvYXgpDQAkKwJ6X_y59_ilSnqxi0',30),(360,'2024-10-10 18:11:39.661857',_binary '','2024-10-17 18:11:39.660669','eyJhbGciOiJIUzI1NiJ9.eyJ1c2VySWQiOjI5LCJpYXQiOjE3Mjg1NTE0OTksImV4cCI6MTcyOTE1NjI5OX0.1GBBMVwHNEKEQym5hLDOs-BvCUrKOaTfqt2Isy_xqOU',29),(361,'2024-10-10 18:19:13.079625',_binary '\0','2024-10-17 18:19:13.078186','eyJhbGciOiJIUzI1NiJ9.eyJ1c2VySWQiOjIyLCJpYXQiOjE3Mjg1NTE5NTMsImV4cCI6MTcyOTE1Njc1M30.tIsD2duZjhGwcAOxtPIZnk5sBLcW5KoZBIqDxCl-Q5o',22),(362,'2024-10-10 19:29:39.645622',_binary '','2024-10-17 19:29:39.644639','eyJhbGciOiJIUzI1NiJ9.eyJ1c2VySWQiOjI5LCJpYXQiOjE3Mjg1NTYxNzksImV4cCI6MTcyOTE2MDk3OX0.Uy8bntWrwRC_1PW2BdqK6GiYjX3xGGOTkiMoMw-FDuo',29),(363,'2024-10-10 19:30:03.082113',_binary '','2024-10-17 19:30:03.081141','eyJhbGciOiJIUzI1NiJ9.eyJ1c2VySWQiOjMwLCJpYXQiOjE3Mjg1NTYyMDMsImV4cCI6MTcyOTE2MTAwM30.Z2Ng3rFXualflePbfFUbbszbUw_P3XL9_sAWdmBzC2M',30),(364,'2024-10-10 19:30:36.456114',_binary '','2024-10-17 19:30:36.455245','eyJhbGciOiJIUzI1NiJ9.eyJ1c2VySWQiOjMwLCJpYXQiOjE3Mjg1NTYyMzYsImV4cCI6MTcyOTE2MTAzNn0.HzNU4LPjw1S8QJPbx5M3Drc9-gbxns8Jz-AKao7a_FU',30),(365,'2024-10-10 19:35:06.550459',_binary '','2024-10-17 19:35:06.549556','eyJhbGciOiJIUzI1NiJ9.eyJ1c2VySWQiOjI5LCJpYXQiOjE3Mjg1NTY1MDYsImV4cCI6MTcyOTE2MTMwNn0.LhhyJUm9Dy3lV-FWt7jxacZlDGrUL9bnt0sOg6FQrEI',29),(366,'2024-10-10 19:45:03.710011',_binary '','2024-10-17 19:45:03.709116','eyJhbGciOiJIUzI1NiJ9.eyJ1c2VySWQiOjE4LCJpYXQiOjE3Mjg1NTcxMDMsImV4cCI6MTcyOTE2MTkwM30.Ua2j3ol5sRB9OAQ9F8I6BVVtLHiCIXONDXywovE0YsY',18),(367,'2024-10-10 19:48:54.284660',_binary '\0','2024-10-17 19:48:54.283730','eyJhbGciOiJIUzI1NiJ9.eyJ1c2VySWQiOjI3LCJpYXQiOjE3Mjg1NTczMzQsImV4cCI6MTcyOTE2MjEzNH0.fHcT_JVh-Xpex-diGaRZo_uih4EgICdRVEXR7CfP03s',27),(368,'2024-10-10 19:51:40.815951',_binary '','2024-10-17 19:51:40.815038','eyJhbGciOiJIUzI1NiJ9.eyJ1c2VySWQiOjM4LCJpYXQiOjE3Mjg1NTc1MDAsImV4cCI6MTcyOTE2MjMwMH0.2sQn-7sHyJ2wPyz2iVfHndv8kqB1-poTqYLA9ltuItA',38),(369,'2024-10-10 19:52:45.017219',_binary '\0','2024-10-17 19:52:45.016255','eyJhbGciOiJIUzI1NiJ9.eyJ1c2VySWQiOjM5LCJpYXQiOjE3Mjg1NTc1NjUsImV4cCI6MTcyOTE2MjM2NX0.i_ZMRAZeJpYxEPgohE8hpMHDovujoiGS_APbY61BXw8',39),(370,'2024-10-10 20:00:33.124085',_binary '','2024-10-17 20:00:33.123183','eyJhbGciOiJIUzI1NiJ9.eyJ1c2VySWQiOjM5LCJpYXQiOjE3Mjg1NTgwMzMsImV4cCI6MTcyOTE2MjgzM30.2dCBKWmcOdyFS_MsfCm8ITOy6KiyYz3fq-XflE6hBK0',39),(371,'2024-10-10 20:07:21.820753',_binary '\0','2024-10-17 20:07:21.819085','eyJhbGciOiJIUzI1NiJ9.eyJ1c2VySWQiOjQwLCJpYXQiOjE3Mjg1NTg0NDEsImV4cCI6MTcyOTE2MzI0MX0.hcdz78ROBHx8STGaXfdfifHFSeFexWkT-E1eZYQxo6c',40),(372,'2024-10-10 21:23:58.900402',_binary '','2024-10-17 21:23:58.899519','eyJhbGciOiJIUzI1NiJ9.eyJ1c2VySWQiOjI5LCJpYXQiOjE3Mjg1NjMwMzgsImV4cCI6MTcyOTE2NzgzOH0.r4Nbs_Vp0ohV5VKwOylvjb5etSimMjl6DJj94mGYEgc',29),(373,'2024-10-10 21:24:30.177632',_binary '','2024-10-17 21:24:30.176765','eyJhbGciOiJIUzI1NiJ9.eyJ1c2VySWQiOjI5LCJpYXQiOjE3Mjg1NjMwNzAsImV4cCI6MTcyOTE2Nzg3MH0.n0SX0niuG5ial-LGF5cn7uCksnTWOj2i2wUd58i1-oQ',29),(374,'2024-10-10 21:44:41.457357',_binary '','2024-10-17 21:44:41.456469','eyJhbGciOiJIUzI1NiJ9.eyJ1c2VySWQiOjI5LCJpYXQiOjE3Mjg1NjQyODEsImV4cCI6MTcyOTE2OTA4MX0.VdxRfyfnyPHHCDdOyYomfI1OWa-Y2FCWGlfhIbLCKV8',29),(375,'2024-10-10 21:44:48.035182',_binary '','2024-10-17 21:44:48.034358','eyJhbGciOiJIUzI1NiJ9.eyJ1c2VySWQiOjMwLCJpYXQiOjE3Mjg1NjQyODgsImV4cCI6MTcyOTE2OTA4OH0.F96-TNwjDfcRoQxigHTnQ3gC7l38qvMTT2X_HRmUIn8',30),(376,'2024-10-10 21:46:05.257719',_binary '','2024-10-17 21:46:05.256766','eyJhbGciOiJIUzI1NiJ9.eyJ1c2VySWQiOjI5LCJpYXQiOjE3Mjg1NjQzNjUsImV4cCI6MTcyOTE2OTE2NX0.vaO4joDZT9Cq_GAxxS67Y8LJul-O_6pKxfr_8doe9IA',29),(377,'2024-10-10 21:46:33.498836',_binary '\0','2024-10-17 21:46:33.497995','eyJhbGciOiJIUzI1NiJ9.eyJ1c2VySWQiOjMwLCJpYXQiOjE3Mjg1NjQzOTMsImV4cCI6MTcyOTE2OTE5M30.GctU5P2etUvY7m75hPAUUhb1D0E6nKNKDBtIMlqCgg0',30),(378,'2024-10-10 21:49:58.000101',_binary '\0','2024-10-17 21:49:57.999130','eyJhbGciOiJIUzI1NiJ9.eyJ1c2VySWQiOjMwLCJpYXQiOjE3Mjg1NjQ1OTcsImV4cCI6MTcyOTE2OTM5N30.JLbC1Vw1eitm-v8cxWozFAHvq8ZB_WA8RNVXvxjCoL0',30),(379,'2024-10-10 22:31:05.239742',_binary '','2024-10-17 22:31:05.236741','eyJhbGciOiJIUzI1NiJ9.eyJ1c2VySWQiOjI5LCJpYXQiOjE3Mjg1NjcwNjUsImV4cCI6MTcyOTE3MTg2NX0.MXvk-iTY98Fvm-eWEHcDs7dOo1Wc9MgSpDr3bJPfKWo',29),(380,'2024-10-10 22:31:12.434323',_binary '','2024-10-17 22:31:12.431640','eyJhbGciOiJIUzI1NiJ9.eyJ1c2VySWQiOjMwLCJpYXQiOjE3Mjg1NjcwNzIsImV4cCI6MTcyOTE3MTg3Mn0.-jDqAi_8OBZDHrmSZQOm2qTHF9QWAlbEQbR2uXAt8SE',30),(381,'2024-10-10 22:49:13.634235',_binary '','2024-10-17 22:49:13.632069','eyJhbGciOiJIUzI1NiJ9.eyJ1c2VySWQiOjI5LCJpYXQiOjE3Mjg1NjgxNTMsImV4cCI6MTcyOTE3Mjk1M30.aFmDLW-IIjNJS1f6n8HaiF3msnMdMF0_BgIBvKGtNTE',29),(382,'2024-10-10 23:11:22.361880',_binary '\0','2024-10-17 23:11:22.360241','eyJhbGciOiJIUzI1NiJ9.eyJ1c2VySWQiOjE2LCJpYXQiOjE3Mjg1Njk0ODIsImV4cCI6MTcyOTE3NDI4Mn0.C1QKRnQrqmCp3L_P5Uk6nsb7Q8wOJ1GYZ8ANbDElvg8',16),(383,'2024-10-10 23:12:16.983788',_binary '','2024-10-17 23:12:16.982000','eyJhbGciOiJIUzI1NiJ9.eyJ1c2VySWQiOjE2LCJpYXQiOjE3Mjg1Njk1MzYsImV4cCI6MTcyOTE3NDMzNn0.2Ef5Xdp1yapsoANqZdFwRvjuIJIj4EylHSkO4kAMsCQ',16),(384,'2024-10-11 00:06:07.394215',_binary '','2024-10-18 00:06:07.392737','eyJhbGciOiJIUzI1NiJ9.eyJ1c2VySWQiOjMwLCJpYXQiOjE3Mjg1NzI3NjcsImV4cCI6MTcyOTE3NzU2N30.iqE4o8jRwO-grq4r_jxZEH2dYn-Ea8dXzXYKVGRBnT0',30),(385,'2024-10-11 00:11:42.032195',_binary '\0','2024-10-18 00:11:42.030562','eyJhbGciOiJIUzI1NiJ9.eyJ1c2VySWQiOjI5LCJpYXQiOjE3Mjg1NzMxMDIsImV4cCI6MTcyOTE3NzkwMn0.IvBzW8Civ0s2gyNykurzQiQPg7kiXyZC7oeTv9JG2qU',29),(386,'2024-10-11 00:16:06.632479',_binary '\0','2024-10-18 00:16:06.630583','eyJhbGciOiJIUzI1NiJ9.eyJ1c2VySWQiOjQxLCJpYXQiOjE3Mjg1NzMzNjYsImV4cCI6MTcyOTE3ODE2Nn0.Cb9T2jPEkMbbqdUsrG0na2O0L3QguUHXwYUdP0DA61s',41),(387,'2024-10-11 00:24:36.443063',_binary '','2024-10-18 00:24:36.441612','eyJhbGciOiJIUzI1NiJ9.eyJ1c2VySWQiOjI5LCJpYXQiOjE3Mjg1NzM4NzYsImV4cCI6MTcyOTE3ODY3Nn0.roghTeY0qwOlak-WI5rzLp-pVJ67JbyN5ssiPScsbt0',29),(388,'2024-10-11 00:24:58.866595',_binary '','2024-10-18 00:24:58.865179','eyJhbGciOiJIUzI1NiJ9.eyJ1c2VySWQiOjMwLCJpYXQiOjE3Mjg1NzM4OTgsImV4cCI6MTcyOTE3ODY5OH0.644PIA2FkztA3wKB7-OrQh3YXJHs5afjJTMVeab7vN8',30),(389,'2024-10-11 00:26:32.257947',_binary '','2024-10-18 00:26:32.256404','eyJhbGciOiJIUzI1NiJ9.eyJ1c2VySWQiOjI5LCJpYXQiOjE3Mjg1NzM5OTIsImV4cCI6MTcyOTE3ODc5Mn0.0uk6yRIxWTXpekmi7Qmv0yCE8B_phc9UADr0Rsv4Qbg',29),(390,'2024-10-11 00:27:01.759259',_binary '','2024-10-18 00:27:01.757482','eyJhbGciOiJIUzI1NiJ9.eyJ1c2VySWQiOjI5LCJpYXQiOjE3Mjg1NzQwMjEsImV4cCI6MTcyOTE3ODgyMX0.joFea27748bSyfEZjOKc36RvyyLxgcVzsV4xPBgDbuQ',29),(391,'2024-10-11 00:31:35.589484',_binary '','2024-10-18 00:31:35.587993','eyJhbGciOiJIUzI1NiJ9.eyJ1c2VySWQiOjI5LCJpYXQiOjE3Mjg1NzQyOTUsImV4cCI6MTcyOTE3OTA5NX0.G_Jol1JTPe0AD26Am8kU-OUylMmypbkf3jFPZdge3bY',29),(392,'2024-10-11 00:31:43.147736',_binary '\0','2024-10-18 00:31:43.145697','eyJhbGciOiJIUzI1NiJ9.eyJ1c2VySWQiOjMwLCJpYXQiOjE3Mjg1NzQzMDMsImV4cCI6MTcyOTE3OTEwM30.-M11d_wRzYmvvmi_5gIH4_Q4mIrq_tm8QZPqUBKlqbs',30),(393,'2024-10-11 01:05:01.610749',_binary '\0','2024-10-18 01:05:01.609383','eyJhbGciOiJIUzI1NiJ9.eyJ1c2VySWQiOjMwLCJpYXQiOjE3Mjg1NzYzMDEsImV4cCI6MTcyOTE4MTEwMX0.cdQEH8Zr77QR0b1QA6PmVW5tSvlX_vWnCo1C9bDAkmg',30),(394,'2024-10-11 01:05:22.966961',_binary '\0','2024-10-18 01:05:22.965712','eyJhbGciOiJIUzI1NiJ9.eyJ1c2VySWQiOjMwLCJpYXQiOjE3Mjg1NzYzMjIsImV4cCI6MTcyOTE4MTEyMn0.raMn4lId4NMU5IATguGmHl1C9OVjnarPSe9WacFiehs',30),(395,'2024-10-11 01:08:33.500974',_binary '\0','2024-10-18 01:08:33.499235','eyJhbGciOiJIUzI1NiJ9.eyJ1c2VySWQiOjI5LCJpYXQiOjE3Mjg1NzY1MTMsImV4cCI6MTcyOTE4MTMxM30.epu-9WsNNGVwPy9Xs6Nvp6NvlbtPZtTadmQ2cG6EodE',29),(396,'2024-10-11 01:16:42.092048',_binary '','2024-10-18 01:16:42.090535','eyJhbGciOiJIUzI1NiJ9.eyJ1c2VySWQiOjMwLCJpYXQiOjE3Mjg1NzcwMDIsImV4cCI6MTcyOTE4MTgwMn0.PeQ0jg5IGEUBYzh_d6CUARUG3M37RZ9WYibQVU8PZSQ',30),(397,'2024-10-11 01:17:19.701987',_binary '','2024-10-18 01:17:19.700562','eyJhbGciOiJIUzI1NiJ9.eyJ1c2VySWQiOjI5LCJpYXQiOjE3Mjg1NzcwMzksImV4cCI6MTcyOTE4MTgzOX0.J_4nGJQtEM6nqb-hQLU14vpu-1ZI7KW1hP2ZaMtA76A',29),(398,'2024-10-11 01:25:14.306557',_binary '\0','2024-10-18 01:25:14.305040','eyJhbGciOiJIUzI1NiJ9.eyJ1c2VySWQiOjI3LCJpYXQiOjE3Mjg1Nzc1MTQsImV4cCI6MTcyOTE4MjMxNH0.iO2cWqbtK04KXdtuWNKcDlvppu3PXeYaS6W33YzKS_g',27),(399,'2024-10-11 01:27:52.344231',_binary '\0','2024-10-18 01:27:52.343037','eyJhbGciOiJIUzI1NiJ9.eyJ1c2VySWQiOjM3LCJpYXQiOjE3Mjg1Nzc2NzIsImV4cCI6MTcyOTE4MjQ3Mn0.F1lWCQ4cgGJDL4-PHaUrvMXPeXPoDzB3DkspNu8qiKw',37),(400,'2024-10-11 01:34:37.188234',_binary '\0','2024-10-18 01:34:37.186314','eyJhbGciOiJIUzI1NiJ9.eyJ1c2VySWQiOjMwLCJpYXQiOjE3Mjg1NzgwNzcsImV4cCI6MTcyOTE4Mjg3N30.crf2_ts1cuoL_NXdP4hhZ6qSWwnu2FtPxLJbu6Rcujs',30),(401,'2024-10-11 01:47:41.120546',_binary '\0','2024-10-18 01:47:41.119262','eyJhbGciOiJIUzI1NiJ9.eyJ1c2VySWQiOjI5LCJpYXQiOjE3Mjg1Nzg4NjEsImV4cCI6MTcyOTE4MzY2MX0.9EvLy14DkViTXrVSqxpzuTLM7rBC3kr9r4JatZvld2Q',29),(402,'2024-10-11 02:16:37.721364',_binary '\0','2024-10-18 02:16:37.719889','eyJhbGciOiJIUzI1NiJ9.eyJ1c2VySWQiOjM2LCJpYXQiOjE3Mjg1ODA1OTcsImV4cCI6MTcyOTE4NTM5N30._g92jZCcOh9C5-ahe8QNmq7f4XXOGeV1ZsIMhAHK0Hc',36),(403,'2024-10-11 02:34:26.775217',_binary '\0','2024-10-18 02:34:26.774010','eyJhbGciOiJIUzI1NiJ9.eyJ1c2VySWQiOjI5LCJpYXQiOjE3Mjg1ODE2NjYsImV4cCI6MTcyOTE4NjQ2Nn0.y7jlCG4lVaKq-imj4YtqAMFRFvmIPppnWtK9KmBJEFw',29),(404,'2024-10-11 02:56:01.986622',_binary '\0','2024-10-18 02:56:01.984521','eyJhbGciOiJIUzI1NiJ9.eyJ1c2VySWQiOjMwLCJpYXQiOjE3Mjg1ODI5NjEsImV4cCI6MTcyOTE4Nzc2MX0.e4DGeVVlEQJELRpnyAq9yroMbaZTa5eMD5Ocp6wSR3g',30),(405,'2024-10-11 03:08:56.443906',_binary '','2024-10-18 03:08:56.442755','eyJhbGciOiJIUzI1NiJ9.eyJ1c2VySWQiOjE2LCJpYXQiOjE3Mjg1ODM3MzYsImV4cCI6MTcyOTE4ODUzNn0.LcoVMfZtl-QJpFt2ge2U619Qae0JW1aPZCSQhs46Bbs',16),(406,'2024-10-11 03:10:28.497381',_binary '','2024-10-18 03:10:28.496248','eyJhbGciOiJIUzI1NiJ9.eyJ1c2VySWQiOjM3LCJpYXQiOjE3Mjg1ODM4MjgsImV4cCI6MTcyOTE4ODYyOH0.QnSTxj6r4diRP2eeh34vknu7FFcw6GJNaYQ3SpAKFeQ',37),(407,'2024-10-11 03:21:16.494198',_binary '\0','2024-10-18 03:21:16.493045','eyJhbGciOiJIUzI1NiJ9.eyJ1c2VySWQiOjM1LCJpYXQiOjE3Mjg1ODQ0NzYsImV4cCI6MTcyOTE4OTI3Nn0.DzNBmWGTgV3uGQLpMKigjoWvlU8-4MN6EoRQ43kBjgU',35),(408,'2024-10-11 03:31:53.477454',_binary '','2024-10-18 03:31:53.476220','eyJhbGciOiJIUzI1NiJ9.eyJ1c2VySWQiOjI5LCJpYXQiOjE3Mjg1ODUxMTMsImV4cCI6MTcyOTE4OTkxM30.W2gE4VPAaFmZNh9HT17ncuMUGUY7p5y9fLNytWcSc2o',29),(409,'2024-10-11 04:00:14.516990',_binary '\0','2024-10-18 04:00:14.515366','eyJhbGciOiJIUzI1NiJ9.eyJ1c2VySWQiOjI5LCJpYXQiOjE3Mjg1ODY4MTQsImV4cCI6MTcyOTE5MTYxNH0.IwyCVZKzAtZgF3DOnG33GQ-xY937FHF-3coHCBJYRPo',29),(410,'2024-10-11 04:31:15.836383',_binary '','2024-10-18 04:31:15.835208','eyJhbGciOiJIUzI1NiJ9.eyJ1c2VySWQiOjMwLCJpYXQiOjE3Mjg1ODg2NzUsImV4cCI6MTcyOTE5MzQ3NX0.ccjt1yKlcEqpJGVMQPVaMRfjE0DtYja_3FjEIi4kJj8',30),(411,'2024-10-11 04:31:28.195810',_binary '','2024-10-18 04:31:28.194756','eyJhbGciOiJIUzI1NiJ9.eyJ1c2VySWQiOjMwLCJpYXQiOjE3Mjg1ODg2ODgsImV4cCI6MTcyOTE5MzQ4OH0.p9aXtsTkGQ25W-va8NtDty7nMg4EFISMGITLyx4fMmI',30),(412,'2024-10-11 04:31:54.904174',_binary '','2024-10-18 04:31:54.903105','eyJhbGciOiJIUzI1NiJ9.eyJ1c2VySWQiOjI5LCJpYXQiOjE3Mjg1ODg3MTQsImV4cCI6MTcyOTE5MzUxNH0.0xMlxmlTSv0CTNGGEg-4GNQy1qqsS2tphCix-I1aWb0',29),(413,'2024-10-11 04:32:06.829186',_binary '','2024-10-18 04:32:06.827787','eyJhbGciOiJIUzI1NiJ9.eyJ1c2VySWQiOjI5LCJpYXQiOjE3Mjg1ODg3MjYsImV4cCI6MTcyOTE5MzUyNn0.XcTeETG4vqfe5PzuCCo5WlvGKS1I_wS-ioHZnGgmhZQ',29),(414,'2024-10-11 04:34:04.594952',_binary '','2024-10-18 04:34:04.593869','eyJhbGciOiJIUzI1NiJ9.eyJ1c2VySWQiOjMwLCJpYXQiOjE3Mjg1ODg4NDQsImV4cCI6MTcyOTE5MzY0NH0.DTc-tUDjQNlyBfuvXHDV1EFZDun3u6UzWJqbr-pTMY8',30),(415,'2024-10-11 04:35:51.408343',_binary '','2024-10-18 04:35:51.407054','eyJhbGciOiJIUzI1NiJ9.eyJ1c2VySWQiOjMwLCJpYXQiOjE3Mjg1ODg5NTEsImV4cCI6MTcyOTE5Mzc1MX0.wcV4NqOvTNAUDtzb0Tc2ns0C3_bDCaeUsHY9s2WgnqM',30),(416,'2024-10-11 04:36:31.428249',_binary '','2024-10-18 04:36:31.427032','eyJhbGciOiJIUzI1NiJ9.eyJ1c2VySWQiOjI5LCJpYXQiOjE3Mjg1ODg5OTEsImV4cCI6MTcyOTE5Mzc5MX0.ioecNoqbWSmk5Ay3J4HzQQY2RBQlJCUXdWTEG99uxLw',29),(417,'2024-10-11 04:37:00.090375',_binary '\0','2024-10-18 04:37:00.089230','eyJhbGciOiJIUzI1NiJ9.eyJ1c2VySWQiOjMwLCJpYXQiOjE3Mjg1ODkwMjAsImV4cCI6MTcyOTE5MzgyMH0.wm13qgYkWyNF3muNrZd9k0WF0PFKSZe3gigiauINLWg',30),(418,'2024-10-11 05:05:04.624653',_binary '\0','2024-10-18 05:05:04.623231','eyJhbGciOiJIUzI1NiJ9.eyJ1c2VySWQiOjQyLCJpYXQiOjE3Mjg1OTA3MDQsImV4cCI6MTcyOTE5NTUwNH0.SXKB2AOK_ar2BQKLhnxgSZkqdwFc7KEAOYLIv5Fr34U',42),(419,'2024-10-11 05:07:00.958798',_binary '\0','2024-10-18 05:07:00.957765','eyJhbGciOiJIUzI1NiJ9.eyJ1c2VySWQiOjMwLCJpYXQiOjE3Mjg1OTA4MjAsImV4cCI6MTcyOTE5NTYyMH0.hTrTfhhsHkslQOC4O-VoHldNaQMwrPBbrad1OGQ1a9A',30),(420,'2024-10-11 05:58:49.048529',_binary '','2024-10-18 05:58:49.047449','eyJhbGciOiJIUzI1NiJ9.eyJ1c2VySWQiOjMwLCJpYXQiOjE3Mjg1OTM5MjksImV4cCI6MTcyOTE5ODcyOX0.lDpOVM3-GthtcPDU4hhfDkGmy163WxdZDW4aEGuh6hc',30),(421,'2024-10-11 05:59:34.728201',_binary '','2024-10-18 05:59:34.727113','eyJhbGciOiJIUzI1NiJ9.eyJ1c2VySWQiOjI5LCJpYXQiOjE3Mjg1OTM5NzQsImV4cCI6MTcyOTE5ODc3NH0.BfBmbwRucoz-CKa3BVxy1XCPNXDCFMNTifhgAyTNHgM',29),(422,'2024-10-11 06:00:05.495348',_binary '','2024-10-18 06:00:05.494318','eyJhbGciOiJIUzI1NiJ9.eyJ1c2VySWQiOjMwLCJpYXQiOjE3Mjg1OTQwMDUsImV4cCI6MTcyOTE5ODgwNX0.MiDn0I53PoIEBebCPNV23YYgnUVokyVCp1dd_IoO2Cw',30),(423,'2024-10-11 06:03:28.334959',_binary '','2024-10-18 06:03:28.333476','eyJhbGciOiJIUzI1NiJ9.eyJ1c2VySWQiOjMwLCJpYXQiOjE3Mjg1OTQyMDgsImV4cCI6MTcyOTE5OTAwOH0.2zOY81EWnUx12eahKkI6ywLSeqMsoWnwy2-_uIW6chk',30),(424,'2024-10-11 06:04:21.258769',_binary '','2024-10-18 06:04:21.257718','eyJhbGciOiJIUzI1NiJ9.eyJ1c2VySWQiOjIyLCJpYXQiOjE3Mjg1OTQyNjEsImV4cCI6MTcyOTE5OTA2MX0.aUURDa1_Z8zgTfX3SdMiZovmMm93Xvw3hmqDI0-xfbA',22),(425,'2024-10-11 07:00:02.370602',_binary '','2024-10-18 07:00:02.369101','eyJhbGciOiJIUzI1NiJ9.eyJ1c2VySWQiOjI5LCJpYXQiOjE3Mjg1OTc2MDIsImV4cCI6MTcyOTIwMjQwMn0.wbHg9UWTkg0oam2eZT40o-dIqFIJamNNgXLrtuw7MGU',29),(426,'2024-10-11 07:00:34.386269',_binary '','2024-10-18 07:00:34.385304','eyJhbGciOiJIUzI1NiJ9.eyJ1c2VySWQiOjI5LCJpYXQiOjE3Mjg1OTc2MzQsImV4cCI6MTcyOTIwMjQzNH0.5-F-QfuULRzFrVc6DxXuaQ0dBmsnZLrCKiunWgArRz8',29),(427,'2024-10-11 07:02:32.035028',_binary '','2024-10-18 07:02:32.033976','eyJhbGciOiJIUzI1NiJ9.eyJ1c2VySWQiOjI5LCJpYXQiOjE3Mjg1OTc3NTIsImV4cCI6MTcyOTIwMjU1Mn0.fsHuipHAPs5nwBACMMG1VH-QfcXBQUS9vcrZSrjFSak',29),(428,'2024-10-11 07:17:21.004576',_binary '\0','2024-10-18 07:17:21.003547','eyJhbGciOiJIUzI1NiJ9.eyJ1c2VySWQiOjMwLCJpYXQiOjE3Mjg1OTg2NDEsImV4cCI6MTcyOTIwMzQ0MX0.wdJ4C-PW7hQAQoo_D6Nfwx2s8mO_lKCPTG0-81m7b58',30),(429,'2024-10-11 08:04:07.737168',_binary '\0','2024-10-18 08:04:07.735924','eyJhbGciOiJIUzI1NiJ9.eyJ1c2VySWQiOjI5LCJpYXQiOjE3Mjg2MDE0NDcsImV4cCI6MTcyOTIwNjI0N30.9bo7KQZg5XpMkYyZFKljwsAreTP0stDz82e2ht3TKRY',29),(430,'2024-10-11 08:04:50.756849',_binary '','2024-10-18 08:04:50.755634','eyJhbGciOiJIUzI1NiJ9.eyJ1c2VySWQiOjI5LCJpYXQiOjE3Mjg2MDE0OTAsImV4cCI6MTcyOTIwNjI5MH0.Y3Ji_apjnj3B2DIM5gm_Do5KKJKvcliG9RYdoyZpiSs',29),(431,'2024-10-11 08:05:03.273396',_binary '','2024-10-18 08:05:03.272372','eyJhbGciOiJIUzI1NiJ9.eyJ1c2VySWQiOjMwLCJpYXQiOjE3Mjg2MDE1MDMsImV4cCI6MTcyOTIwNjMwM30.KB7b9zfFs73U18MT6kvvjYN0l04EnasHkYi0tQTiHTI',30),(432,'2024-10-11 08:05:14.538246',_binary '','2024-10-18 08:05:14.537281','eyJhbGciOiJIUzI1NiJ9.eyJ1c2VySWQiOjMwLCJpYXQiOjE3Mjg2MDE1MTQsImV4cCI6MTcyOTIwNjMxNH0._hLmUVgXqy1APNwbq8GWh4YP7_AtXBj-y09iDiFOekE',30),(433,'2024-10-11 08:06:03.655118',_binary '','2024-10-18 08:06:03.654116','eyJhbGciOiJIUzI1NiJ9.eyJ1c2VySWQiOjMwLCJpYXQiOjE3Mjg2MDE1NjMsImV4cCI6MTcyOTIwNjM2M30.OQDMGUwiQ3uKTgux0WZEbD2V_RIuTkbK0cgsIleTQkA',30),(434,'2024-10-11 08:06:43.925385',_binary '\0','2024-10-18 08:06:43.924287','eyJhbGciOiJIUzI1NiJ9.eyJ1c2VySWQiOjI5LCJpYXQiOjE3Mjg2MDE2MDMsImV4cCI6MTcyOTIwNjQwM30.ZzSnKpAaAWPMXE9DdBae_YO0qRgWINLZJ6CoSR5mbko',29),(435,'2024-10-11 08:07:05.675933',_binary '\0','2024-10-18 08:07:05.674980','eyJhbGciOiJIUzI1NiJ9.eyJ1c2VySWQiOjMwLCJpYXQiOjE3Mjg2MDE2MjUsImV4cCI6MTcyOTIwNjQyNX0.Yo8vhJnoLTQ9qS1imxebrv7c5GcOlMd9fuOw_RGt5MQ',30),(436,'2024-10-11 08:08:46.341244',_binary '\0','2024-10-18 08:08:46.340150','eyJhbGciOiJIUzI1NiJ9.eyJ1c2VySWQiOjI5LCJpYXQiOjE3Mjg2MDE3MjYsImV4cCI6MTcyOTIwNjUyNn0.CKmUMtm5zXJjYQhC6I_vyxkbRco-ZLIgNraNdnjn5mA',29),(437,'2024-10-11 08:08:47.601932',_binary '\0','2024-10-18 08:08:47.600871','eyJhbGciOiJIUzI1NiJ9.eyJ1c2VySWQiOjMwLCJpYXQiOjE3Mjg2MDE3MjcsImV4cCI6MTcyOTIwNjUyN30.5pI5Uqr5EUF6wW-5ZMl2Z-wFB5Wrnhb7n3-JsH6A2Hs',30),(438,'2024-10-11 08:08:58.468603',_binary '','2024-10-18 08:08:58.467556','eyJhbGciOiJIUzI1NiJ9.eyJ1c2VySWQiOjI5LCJpYXQiOjE3Mjg2MDE3MzgsImV4cCI6MTcyOTIwNjUzOH0.Xq7RGO87Yb3gA5wtGWpm_w2HPaSKYl_Uk8LT1I1KhZQ',29),(439,'2024-10-11 08:24:59.454316',_binary '\0','2024-10-18 08:24:59.453329','eyJhbGciOiJIUzI1NiJ9.eyJ1c2VySWQiOjMwLCJpYXQiOjE3Mjg2MDI2OTksImV4cCI6MTcyOTIwNzQ5OX0.kDUg92zFXe9wxwdAqYBAklZR6WaWzsW6DmzpjQUysQQ',30),(440,'2024-10-11 08:32:54.098269',_binary '','2024-10-18 08:32:54.097356','eyJhbGciOiJIUzI1NiJ9.eyJ1c2VySWQiOjMwLCJpYXQiOjE3Mjg2MDMxNzQsImV4cCI6MTcyOTIwNzk3NH0.54UkTOlCpVpDgDjdNDwIqZfe7yxZGYCLgtSm2E7sCsM',30),(441,'2024-10-11 08:32:59.009132',_binary '','2024-10-18 08:32:59.008127','eyJhbGciOiJIUzI1NiJ9.eyJ1c2VySWQiOjMwLCJpYXQiOjE3Mjg2MDMxNzksImV4cCI6MTcyOTIwNzk3OX0.A7xZDJc4cjyVJImK0wIFU1OchEQ-5pnLdcFV3hukUBc',30),(442,'2024-10-11 08:33:09.504376',_binary '\0','2024-10-18 08:33:09.503453','eyJhbGciOiJIUzI1NiJ9.eyJ1c2VySWQiOjI5LCJpYXQiOjE3Mjg2MDMxODksImV4cCI6MTcyOTIwNzk4OX0.8dQU9tyKrWl134Uovtt3JeFsm3JsX55f4zmlni7gLWI',29),(443,'2024-10-11 08:33:34.304148',_binary '\0','2024-10-18 08:33:34.303185','eyJhbGciOiJIUzI1NiJ9.eyJ1c2VySWQiOjMwLCJpYXQiOjE3Mjg2MDMyMTQsImV4cCI6MTcyOTIwODAxNH0.ceQ9m6A7bJm18RVVBUqWRkLZYAaJ_Kz9luG0XSsud7A',30),(444,'2024-10-11 08:33:47.036625',_binary '\0','2024-10-18 08:33:47.035437','eyJhbGciOiJIUzI1NiJ9.eyJ1c2VySWQiOjI5LCJpYXQiOjE3Mjg2MDMyMjcsImV4cCI6MTcyOTIwODAyN30.MOTScGvGklNa3agDK_THcKs7t0US7IE58gGF1pK5lCw',29),(445,'2024-10-11 08:33:50.976023',_binary '','2024-10-18 08:33:50.975105','eyJhbGciOiJIUzI1NiJ9.eyJ1c2VySWQiOjMwLCJpYXQiOjE3Mjg2MDMyMzAsImV4cCI6MTcyOTIwODAzMH0.H1wqzrnff8NpkACJzVEwt1kSH_UzALEf1Q2-5IaYLSo',30),(446,'2024-10-11 08:33:53.670142',_binary '','2024-10-18 08:33:53.669258','eyJhbGciOiJIUzI1NiJ9.eyJ1c2VySWQiOjI5LCJpYXQiOjE3Mjg2MDMyMzMsImV4cCI6MTcyOTIwODAzM30.4Rxo4IQYKRHvP15GxukHng-GUcUqw8bHzLvBQ6DtV10',29),(447,'2024-10-11 08:33:57.987320',_binary '','2024-10-18 08:33:57.986439','eyJhbGciOiJIUzI1NiJ9.eyJ1c2VySWQiOjI5LCJpYXQiOjE3Mjg2MDMyMzcsImV4cCI6MTcyOTIwODAzN30.MdE_PMBDsEm9QoPDBoXQ3p6y1brprxN69k-Ck5g2Vjk',29),(448,'2024-10-11 08:35:13.089713',_binary '','2024-10-18 08:35:13.088777','eyJhbGciOiJIUzI1NiJ9.eyJ1c2VySWQiOjMwLCJpYXQiOjE3Mjg2MDMzMTMsImV4cCI6MTcyOTIwODExM30.DAxYns8Q5RJuk8319bMg_XtwsG50nGBL8tFEJ4xHQ-s',30),(449,'2024-10-11 08:35:17.005860',_binary '','2024-10-18 08:35:17.004902','eyJhbGciOiJIUzI1NiJ9.eyJ1c2VySWQiOjI5LCJpYXQiOjE3Mjg2MDMzMTcsImV4cCI6MTcyOTIwODExN30.HK1r5wXGryntv8yO3RkjYMXayZgETWZlPZX5P_ksFiU',29),(450,'2024-10-11 08:35:25.065259',_binary '\0','2024-10-18 08:35:25.064335','eyJhbGciOiJIUzI1NiJ9.eyJ1c2VySWQiOjMwLCJpYXQiOjE3Mjg2MDMzMjUsImV4cCI6MTcyOTIwODEyNX0.B7K-LUupQ734-9fb2SXAmsdsmKP-Inp3zbc7LaNARWs',30),(451,'2024-10-11 08:36:45.496083',_binary '','2024-10-18 08:36:45.495147','eyJhbGciOiJIUzI1NiJ9.eyJ1c2VySWQiOjMyLCJpYXQiOjE3Mjg2MDM0MDUsImV4cCI6MTcyOTIwODIwNX0.J3Q-fY8GP7vD8NVmxhWgp_mYWIMwJ7_zI6qSLEnY1n8',32),(452,'2024-10-11 08:36:54.409826',_binary '\0','2024-10-18 08:36:54.408937','eyJhbGciOiJIUzI1NiJ9.eyJ1c2VySWQiOjM5LCJpYXQiOjE3Mjg2MDM0MTQsImV4cCI6MTcyOTIwODIxNH0.ESe-NaqFp8vDfxvN4Gvw20LSW7mQ8RD8jShNGp-v-Xw',39),(453,'2024-10-11 08:42:33.096149',_binary '\0','2024-10-18 08:42:33.095238','eyJhbGciOiJIUzI1NiJ9.eyJ1c2VySWQiOjM4LCJpYXQiOjE3Mjg2MDM3NTMsImV4cCI6MTcyOTIwODU1M30.FxD2o-xoHJYXp9YbeBZM1DxeQNrDjqBshl8MAOwu2v8',38),(454,'2024-10-11 08:43:50.767016',_binary '','2024-10-18 08:43:50.766082','eyJhbGciOiJIUzI1NiJ9.eyJ1c2VySWQiOjM4LCJpYXQiOjE3Mjg2MDM4MzAsImV4cCI6MTcyOTIwODYzMH0.OPn_1t7jX_Vy-LXu4DrlSyqwdBQmERAz9xGP36g5LUE',38),(455,'2024-10-11 08:58:41.739504',_binary '','2024-10-18 08:58:41.738611','eyJhbGciOiJIUzI1NiJ9.eyJ1c2VySWQiOjI5LCJpYXQiOjE3Mjg2MDQ3MjEsImV4cCI6MTcyOTIwOTUyMX0.00f8_PXyW8oEBs4Cfo5MPHu8VpzSTgUkeheqYGG9xoU',29),(456,'2024-10-11 08:58:52.612606',_binary '','2024-10-18 08:58:52.611649','eyJhbGciOiJIUzI1NiJ9.eyJ1c2VySWQiOjMwLCJpYXQiOjE3Mjg2MDQ3MzIsImV4cCI6MTcyOTIwOTUzMn0.gHdEbDjmZRbmG_v9l37qDONPKj1efBcbXawtiqMIzKU',30),(457,'2024-10-11 08:59:16.009145',_binary '','2024-10-18 08:59:16.008268','eyJhbGciOiJIUzI1NiJ9.eyJ1c2VySWQiOjI5LCJpYXQiOjE3Mjg2MDQ3NTYsImV4cCI6MTcyOTIwOTU1Nn0.XTxxRDsSJyq9Rt9RyAK8TWYpRl9p7IZlo6AujTJUnJk',29),(458,'2024-10-11 08:59:44.116223',_binary '','2024-10-18 08:59:44.115305','eyJhbGciOiJIUzI1NiJ9.eyJ1c2VySWQiOjI5LCJpYXQiOjE3Mjg2MDQ3ODQsImV4cCI6MTcyOTIwOTU4NH0.7bL-tmFtSamkMw3H8ZFzNfEdV4FtNM6a3USK2aiiFIg',29),(459,'2024-10-11 08:59:53.709651',_binary '','2024-10-18 08:59:53.708723','eyJhbGciOiJIUzI1NiJ9.eyJ1c2VySWQiOjMwLCJpYXQiOjE3Mjg2MDQ3OTMsImV4cCI6MTcyOTIwOTU5M30.-JheygjI_bPPw3lDYph43xjIfPz_BaDpN-NJwsgmdh0',30),(460,'2024-10-11 09:00:25.609216',_binary '','2024-10-18 09:00:25.607973','eyJhbGciOiJIUzI1NiJ9.eyJ1c2VySWQiOjMwLCJpYXQiOjE3Mjg2MDQ4MjUsImV4cCI6MTcyOTIwOTYyNX0.esKzEIz7lZUihZDd2DL3apXtiyzlgYaFb57wZwqw5wk',30),(461,'2024-10-11 09:00:35.025540',_binary '','2024-10-18 09:00:35.024586','eyJhbGciOiJIUzI1NiJ9.eyJ1c2VySWQiOjI5LCJpYXQiOjE3Mjg2MDQ4MzUsImV4cCI6MTcyOTIwOTYzNX0.gx_kA3N2etds2m73WB2KCjl15lz0uVPVPlWuYz5Y7Dc',29),(462,'2024-10-11 09:22:07.101452',_binary '','2024-10-18 09:22:07.100188','eyJhbGciOiJIUzI1NiJ9.eyJ1c2VySWQiOjMwLCJpYXQiOjE3Mjg2MDYxMjcsImV4cCI6MTcyOTIxMDkyN30.OOOeJ4mSQA-seknTtucRXE851gulNoah2h_7k3a97HM',30),(463,'2024-10-11 09:33:07.688913',_binary '\0','2024-10-18 09:33:07.687987','eyJhbGciOiJIUzI1NiJ9.eyJ1c2VySWQiOjM4LCJpYXQiOjE3Mjg2MDY3ODcsImV4cCI6MTcyOTIxMTU4N30.kSwl3oC4baKugcr6OfRo5g3u_NVLzF9HnhJJBiGTJg8',38),(464,'2024-10-11 09:33:38.149606',_binary '\0','2024-10-18 09:33:38.148720','eyJhbGciOiJIUzI1NiJ9.eyJ1c2VySWQiOjM5LCJpYXQiOjE3Mjg2MDY4MTgsImV4cCI6MTcyOTIxMTYxOH0.V001R1ONlKQvj3OyYNkVZ0L4deT61wznUnEcMxEtY1Y',39),(465,'2024-10-11 09:37:05.692394',_binary '','2024-10-18 09:37:05.691011','eyJhbGciOiJIUzI1NiJ9.eyJ1c2VySWQiOjI5LCJpYXQiOjE3Mjg2MDcwMjUsImV4cCI6MTcyOTIxMTgyNX0.VbZHSSA7fd9dciQfS3uFcjvT1JtMqfm9dCP5DnVjzR4',29),(466,'2024-10-11 09:37:52.822295',_binary '','2024-10-18 09:37:52.821440','eyJhbGciOiJIUzI1NiJ9.eyJ1c2VySWQiOjMwLCJpYXQiOjE3Mjg2MDcwNzIsImV4cCI6MTcyOTIxMTg3Mn0.tt3ryVq7DOcC1Cj1aU11n0-e180udiFi4EFV-sYdRG8',30),(467,'2024-10-11 09:38:25.802886',_binary '','2024-10-18 09:38:25.802000','eyJhbGciOiJIUzI1NiJ9.eyJ1c2VySWQiOjI5LCJpYXQiOjE3Mjg2MDcxMDUsImV4cCI6MTcyOTIxMTkwNX0.uan9Wmte8WcUlHP2rFsLtjfWeY9eaSfSE7XL04HVmmE',29),(468,'2024-10-11 09:39:10.643501',_binary '','2024-10-18 09:39:10.642594','eyJhbGciOiJIUzI1NiJ9.eyJ1c2VySWQiOjMwLCJpYXQiOjE3Mjg2MDcxNTAsImV4cCI6MTcyOTIxMTk1MH0.tychlUsvh15-0kfNM4eAG50PdLhqKPAfYSxwk4adioQ',30),(469,'2024-10-11 09:39:37.214749',_binary '','2024-10-18 09:39:37.213854','eyJhbGciOiJIUzI1NiJ9.eyJ1c2VySWQiOjI5LCJpYXQiOjE3Mjg2MDcxNzcsImV4cCI6MTcyOTIxMTk3N30.05s0Vh7apVwKwrhvBMpFfKjvVOvLCiXbmf6niHiVouA',29),(470,'2024-10-11 09:45:48.712559',_binary '','2024-10-18 09:45:48.711518','eyJhbGciOiJIUzI1NiJ9.eyJ1c2VySWQiOjMwLCJpYXQiOjE3Mjg2MDc1NDgsImV4cCI6MTcyOTIxMjM0OH0.dQgHUjefuuB99klGRqh2s43VIPEk0S9iWbJR7aNWmDo',30),(471,'2024-10-11 09:46:37.042429',_binary '','2024-10-18 09:46:37.041488','eyJhbGciOiJIUzI1NiJ9.eyJ1c2VySWQiOjMwLCJpYXQiOjE3Mjg2MDc1OTcsImV4cCI6MTcyOTIxMjM5N30.2WmLiL6vatzU81EqhFON2ZjO4MIJgB12l1iSMGaGwMk',30),(472,'2024-10-11 09:48:58.902729',_binary '\0','2024-10-18 09:48:58.901279','eyJhbGciOiJIUzI1NiJ9.eyJ1c2VySWQiOjI5LCJpYXQiOjE3Mjg2MDc3MzgsImV4cCI6MTcyOTIxMjUzOH0.elYGlh_CSNgpRTqHo5DwtNh8Ln7aoSYQa-rWgef8u_o',29),(473,'2024-10-11 09:50:57.104805',_binary '','2024-10-18 09:50:57.103861','eyJhbGciOiJIUzI1NiJ9.eyJ1c2VySWQiOjMwLCJpYXQiOjE3Mjg2MDc4NTcsImV4cCI6MTcyOTIxMjY1N30.oMXyX_OFM0RxlT3jTa_tZoiUgQCbeEfuQLdgE-Cl1_c',30),(474,'2024-10-11 09:51:42.227281',_binary '','2024-10-18 09:51:42.226362','eyJhbGciOiJIUzI1NiJ9.eyJ1c2VySWQiOjI5LCJpYXQiOjE3Mjg2MDc5MDIsImV4cCI6MTcyOTIxMjcwMn0.ewdWf89hJhRL8Do97bwPSjKY5uIzFy_Gxo8j2PePFC8',29),(475,'2024-10-11 09:52:29.054088',_binary '','2024-10-18 09:52:29.053229','eyJhbGciOiJIUzI1NiJ9.eyJ1c2VySWQiOjMwLCJpYXQiOjE3Mjg2MDc5NDksImV4cCI6MTcyOTIxMjc0OX0.bb5MkYp5p1RGkP-hDrhgKv75Qmps6m2bKUkzCx2QxZI',30),(476,'2024-10-11 09:53:02.837924',_binary '','2024-10-18 09:53:02.837097','eyJhbGciOiJIUzI1NiJ9.eyJ1c2VySWQiOjI5LCJpYXQiOjE3Mjg2MDc5ODIsImV4cCI6MTcyOTIxMjc4Mn0.eduRMFJJclAWpb5Wp-hhbPk88U1uJzCJ6QSY0hKe210',29),(477,'2024-10-11 09:54:30.470009',_binary '','2024-10-18 09:54:30.469158','eyJhbGciOiJIUzI1NiJ9.eyJ1c2VySWQiOjE3LCJpYXQiOjE3Mjg2MDgwNzAsImV4cCI6MTcyOTIxMjg3MH0.KcgISZNKBVHxzhlmmWMS1KcJJ3evXTmM4-n-2xI_Fjw',17),(478,'2024-10-11 09:58:09.720642',_binary '','2024-10-18 09:58:09.719748','eyJhbGciOiJIUzI1NiJ9.eyJ1c2VySWQiOjI5LCJpYXQiOjE3Mjg2MDgyODksImV4cCI6MTcyOTIxMzA4OX0.p4Jc9WodBnkzhb4N21-Deq-m1O_lIPqBk8kutiVWD08',29),(479,'2024-10-11 09:59:55.357190',_binary '\0','2024-10-18 09:59:55.356327','eyJhbGciOiJIUzI1NiJ9.eyJ1c2VySWQiOjMwLCJpYXQiOjE3Mjg2MDgzOTUsImV4cCI6MTcyOTIxMzE5NX0.1lyg0EtuZdjb_hVjx_fuYXlQ_ldqMQ_1PWocOWm-08E',30),(480,'2024-10-11 10:03:35.720210',_binary '','2024-10-18 10:03:35.718881','eyJhbGciOiJIUzI1NiJ9.eyJ1c2VySWQiOjMwLCJpYXQiOjE3Mjg2MDg2MTUsImV4cCI6MTcyOTIxMzQxNX0.ovj-cB5V1aZeocmpjFKK46-IqkHvyys-A5vnwpEOtMA',30),(481,'2024-10-11 10:03:46.357543',_binary '','2024-10-18 10:03:46.356678','eyJhbGciOiJIUzI1NiJ9.eyJ1c2VySWQiOjMwLCJpYXQiOjE3Mjg2MDg2MjYsImV4cCI6MTcyOTIxMzQyNn0.6dD47T5qekNO-_P4_-q9yLhPWGe5bVI3VfL-fs-2__8',30),(482,'2024-10-11 10:05:35.048276',_binary '\0','2024-10-18 10:05:35.047372','eyJhbGciOiJIUzI1NiJ9.eyJ1c2VySWQiOjI5LCJpYXQiOjE3Mjg2MDg3MzUsImV4cCI6MTcyOTIxMzUzNX0.DGFSGFx-VHwxv-GMCA7CAk8NaeSncMtHqBeEN2qlFko',29),(483,'2024-10-11 10:08:25.992828',_binary '','2024-10-18 10:08:25.991932','eyJhbGciOiJIUzI1NiJ9.eyJ1c2VySWQiOjI5LCJpYXQiOjE3Mjg2MDg5MDUsImV4cCI6MTcyOTIxMzcwNX0.SC3as30JE3X6AwhTzECdaY9-OAa9G3k3DIFWVQA0PkI',29),(484,'2024-10-11 10:09:54.775549',_binary '','2024-10-18 10:09:54.774566','eyJhbGciOiJIUzI1NiJ9.eyJ1c2VySWQiOjMwLCJpYXQiOjE3Mjg2MDg5OTQsImV4cCI6MTcyOTIxMzc5NH0.uKiESIjuux8_NZ93yWMz5Q7txfZPHkDtn7OhFDjOVMY',30),(485,'2024-10-11 10:11:14.051733',_binary '','2024-10-18 10:11:14.050754','eyJhbGciOiJIUzI1NiJ9.eyJ1c2VySWQiOjE3LCJpYXQiOjE3Mjg2MDkwNzQsImV4cCI6MTcyOTIxMzg3NH0.joTVEIs0e9rY3dTv4Euos347QwAUjkz0OVC5Mwoa0vs',17),(486,'2024-10-11 10:11:41.666266',_binary '','2024-10-18 10:11:41.664714','eyJhbGciOiJIUzI1NiJ9.eyJ1c2VySWQiOjI5LCJpYXQiOjE3Mjg2MDkxMDEsImV4cCI6MTcyOTIxMzkwMX0.mhlzi1yI5AtTe0BGbZEvK8qWUcpduEay2zyyc2CYKPY',29),(487,'2024-10-11 10:11:54.927039',_binary '\0','2024-10-18 10:11:54.926176','eyJhbGciOiJIUzI1NiJ9.eyJ1c2VySWQiOjMwLCJpYXQiOjE3Mjg2MDkxMTQsImV4cCI6MTcyOTIxMzkxNH0.iUhctqR9qJ3MUiztf_36IVS1v8ZJhJoHZYi25Cb0wLM',30),(488,'2024-10-11 10:15:36.079748',_binary '','2024-10-18 10:15:36.078348','eyJhbGciOiJIUzI1NiJ9.eyJ1c2VySWQiOjI5LCJpYXQiOjE3Mjg2MDkzMzYsImV4cCI6MTcyOTIxNDEzNn0.9Kn_AthJfpK5DIV8Smm8lPpQVC9G1P7XYaSoQoj8feE',29),(489,'2024-10-11 10:20:53.136505',_binary '','2024-10-18 10:20:53.135588','eyJhbGciOiJIUzI1NiJ9.eyJ1c2VySWQiOjMwLCJpYXQiOjE3Mjg2MDk2NTMsImV4cCI6MTcyOTIxNDQ1M30.MTgjRHmGYV1ExXvzhb09l-_ODpE2jiFJGuNa_8JKsEI',30),(490,'2024-10-11 10:21:36.915293',_binary '','2024-10-18 10:21:36.914425','eyJhbGciOiJIUzI1NiJ9.eyJ1c2VySWQiOjI5LCJpYXQiOjE3Mjg2MDk2OTYsImV4cCI6MTcyOTIxNDQ5Nn0.eL5-GpRiokUc6DzfYnhXYeJeUSsRFdhRwKXqGsYwSDs',29),(491,'2024-10-11 10:24:27.530062',_binary '','2024-10-18 10:24:27.529183','eyJhbGciOiJIUzI1NiJ9.eyJ1c2VySWQiOjMwLCJpYXQiOjE3Mjg2MDk4NjcsImV4cCI6MTcyOTIxNDY2N30.jcfWGT9Ml2KAz4DyYuHo4bBpNxddZmrN_NQQ0DtT6jc',30),(492,'2024-10-11 10:28:26.441107',_binary '','2024-10-18 10:28:26.440213','eyJhbGciOiJIUzI1NiJ9.eyJ1c2VySWQiOjMyLCJpYXQiOjE3Mjg2MTAxMDYsImV4cCI6MTcyOTIxNDkwNn0.PcIC6WFinaSmmeA5QT2t00kXk2mcyJR1Lz1PW3OoAoc',32),(493,'2024-10-11 10:29:26.461400',_binary '\0','2024-10-18 10:29:26.460434','eyJhbGciOiJIUzI1NiJ9.eyJ1c2VySWQiOjMwLCJpYXQiOjE3Mjg2MTAxNjYsImV4cCI6MTcyOTIxNDk2Nn0.eDRzY2ELU4b_7Lme142kVam_VXYu19rclfx1rU2RUY0',30),(494,'2024-10-11 10:32:02.930161',_binary '\0','2024-10-18 10:32:02.929276','eyJhbGciOiJIUzI1NiJ9.eyJ1c2VySWQiOjMwLCJpYXQiOjE3Mjg2MTAzMjIsImV4cCI6MTcyOTIxNTEyMn0.OAyeHpzAgImycLN5RLTwuBMWFUGbMrdHRVmQB56Z9fo',30),(495,'2024-10-11 11:09:26.020711',_binary '','2024-10-18 11:09:26.017797','eyJhbGciOiJIUzI1NiJ9.eyJ1c2VySWQiOjMwLCJpYXQiOjE3Mjg2MTI1NjYsImV4cCI6MTcyOTIxNzM2Nn0.y1y8yIjNQPWvNBWAG_eqmd_iEXXyweXVhlgdpVEqbKc',30),(496,'2024-10-11 11:16:51.639054',_binary '\0','2024-10-18 11:16:51.637361','eyJhbGciOiJIUzI1NiJ9.eyJ1c2VySWQiOjMwLCJpYXQiOjE3Mjg2MTMwMTEsImV4cCI6MTcyOTIxNzgxMX0.Fec-IRkdqMeOeRFobS7JFuopanaonKWxUFJ9dhM0ZX4',30),(497,'2024-10-11 11:16:53.059433',_binary '','2024-10-18 11:16:53.057477','eyJhbGciOiJIUzI1NiJ9.eyJ1c2VySWQiOjI5LCJpYXQiOjE3Mjg2MTMwMTMsImV4cCI6MTcyOTIxNzgxM30.vr-NdIZZkWiMVabfCn5NHDJ-czIydoT9sg7BaizlzF0',29),(498,'2024-10-11 11:17:17.200326',_binary '','2024-10-18 11:17:17.198695','eyJhbGciOiJIUzI1NiJ9.eyJ1c2VySWQiOjMwLCJpYXQiOjE3Mjg2MTMwMzcsImV4cCI6MTcyOTIxNzgzN30.Ue2p5iSaYo9h7_iMtd50_aRSjNXkeg88vIcQNgndpwo',30),(499,'2024-10-11 11:17:43.421253',_binary '','2024-10-18 11:17:43.419616','eyJhbGciOiJIUzI1NiJ9.eyJ1c2VySWQiOjMwLCJpYXQiOjE3Mjg2MTMwNjMsImV4cCI6MTcyOTIxNzg2M30.h1FNBEyS26Vc9k0azLx-eoAf8bynpYspiem-tIKjXEs',30),(500,'2024-10-11 11:18:30.601994',_binary '','2024-10-18 11:18:30.600264','eyJhbGciOiJIUzI1NiJ9.eyJ1c2VySWQiOjI5LCJpYXQiOjE3Mjg2MTMxMTAsImV4cCI6MTcyOTIxNzkxMH0.WPoAkHwSYJEkr6C8C58Df_pKNdb-SewfIxeshOlXorA',29),(501,'2024-10-11 11:18:47.766037',_binary '\0','2024-10-18 11:18:47.764557','eyJhbGciOiJIUzI1NiJ9.eyJ1c2VySWQiOjMwLCJpYXQiOjE3Mjg2MTMxMjcsImV4cCI6MTcyOTIxNzkyN30.Ca7FM_8BAuDEldG-8RVrpyuzfeGN0RBbAilZJETv650',30),(502,'2024-10-11 11:26:32.432267',_binary '\0','2024-10-18 11:26:32.429815','eyJhbGciOiJIUzI1NiJ9.eyJ1c2VySWQiOjMwLCJpYXQiOjE3Mjg2MTM1OTIsImV4cCI6MTcyOTIxODM5Mn0.yZsA2nxAdX_alm6yQ-4qSxOIVS0ZoPRGwuYjfWNsdQE',30),(503,'2024-10-11 11:28:00.533506',_binary '\0','2024-10-18 11:28:00.531995','eyJhbGciOiJIUzI1NiJ9.eyJ1c2VySWQiOjMwLCJpYXQiOjE3Mjg2MTM2ODAsImV4cCI6MTcyOTIxODQ4MH0.QnMAo76D3NmkAPqYM73ehL0fU0vKV6GCgM36uFTTyAM',30),(504,'2024-10-11 11:35:11.771331',_binary '\0','2024-10-18 11:35:11.769940','eyJhbGciOiJIUzI1NiJ9.eyJ1c2VySWQiOjMwLCJpYXQiOjE3Mjg2MTQxMTEsImV4cCI6MTcyOTIxODkxMX0.FaGDEdH_J-2zLkWUwbwFD1I-HQwmLMYS9VFtZHHsVO4',30);
/*!40000 ALTER TABLE `refresh_token` ENABLE KEYS */;
UNLOCK TABLES;

--
-- Table structure for table `relation`
--

DROP TABLE IF EXISTS `relation`;
/*!40101 SET @saved_cs_client     = @@character_set_client */;
/*!50503 SET character_set_client = utf8mb4 */;
CREATE TABLE `relation` (
  `relation_id` bigint NOT NULL AUTO_INCREMENT,
  `create_at` datetime(6) NOT NULL,
  `delete_yn` bit(1) NOT NULL,
  `child_id` bigint NOT NULL,
  `parent_id` bigint NOT NULL,
  PRIMARY KEY (`relation_id`),
  KEY `FKjdywkjh9xbml4hph5i7kdw031` (`child_id`),
  KEY `FK92snvntef8hp8rbnyqbpe99mx` (`parent_id`),
  CONSTRAINT `FK92snvntef8hp8rbnyqbpe99mx` FOREIGN KEY (`parent_id`) REFERENCES `user` (`user_id`),
  CONSTRAINT `FKjdywkjh9xbml4hph5i7kdw031` FOREIGN KEY (`child_id`) REFERENCES `user` (`user_id`)
) ENGINE=InnoDB AUTO_INCREMENT=27 DEFAULT CHARSET=utf8mb4 COLLATE=utf8mb4_0900_ai_ci;
/*!40101 SET character_set_client = @saved_cs_client */;

--
-- Dumping data for table `relation`
--

LOCK TABLES `relation` WRITE;
/*!40000 ALTER TABLE `relation` DISABLE KEYS */;
INSERT INTO `relation` VALUES (2,'2024-10-07 14:44:49.933723',_binary '\0',21,18),(6,'2024-10-07 19:49:54.880014',_binary '\0',23,22),(8,'2024-10-07 21:00:24.402129',_binary '\0',21,27),(9,'2024-10-07 21:18:53.695758',_binary '\0',16,27),(15,'2024-10-08 10:13:21.426859',_binary '\0',28,27),(17,'2024-10-08 10:26:20.465389',_binary '\0',30,29),(18,'2024-10-08 14:40:07.550691',_binary '\0',31,22),(19,'2024-10-08 15:54:05.350421',_binary '\0',32,17),(21,'2024-10-09 15:02:57.382278',_binary '\0',35,34),(22,'2024-10-09 15:35:51.152133',_binary '\0',36,27),(23,'2024-10-09 15:45:11.540275',_binary '\0',37,27),(24,'2024-10-10 19:57:01.256593',_binary '\0',39,38),(26,'2024-10-10 20:09:48.263711',_binary '\0',40,38);
/*!40000 ALTER TABLE `relation` ENABLE KEYS */;
UNLOCK TABLES;

--
-- Table structure for table `relation_request`
--

DROP TABLE IF EXISTS `relation_request`;
/*!40101 SET @saved_cs_client     = @@character_set_client */;
/*!50503 SET character_set_client = utf8mb4 */;
CREATE TABLE `relation_request` (
  `request_id` bigint NOT NULL AUTO_INCREMENT,
  `create_at` datetime(6) NOT NULL,
  `delete_yn` bit(1) NOT NULL,
  `state` enum('CANCEL','COMPLETE','REQUEST') NOT NULL,
  `child_id` bigint NOT NULL,
  `notification_id` bigint NOT NULL,
  `parent_id` bigint NOT NULL,
  PRIMARY KEY (`request_id`),
  UNIQUE KEY `UKot8vxrf2t85nlbb0hinu6t6ti` (`notification_id`),
  KEY `FKe7qw0qp39kgfsessmyhmwe49j` (`child_id`),
  KEY `FKwb429osnacs5myb1pkieq38m` (`parent_id`),
  CONSTRAINT `FKe7qw0qp39kgfsessmyhmwe49j` FOREIGN KEY (`child_id`) REFERENCES `user` (`user_id`),
  CONSTRAINT `FKgqkxiuxof5px3hihici5toi1p` FOREIGN KEY (`notification_id`) REFERENCES `notification` (`notification_id`),
  CONSTRAINT `FKwb429osnacs5myb1pkieq38m` FOREIGN KEY (`parent_id`) REFERENCES `user` (`user_id`)
) ENGINE=InnoDB AUTO_INCREMENT=42 DEFAULT CHARSET=utf8mb4 COLLATE=utf8mb4_0900_ai_ci;
/*!40101 SET character_set_client = @saved_cs_client */;

--
-- Dumping data for table `relation_request`
--

LOCK TABLES `relation_request` WRITE;
/*!40000 ALTER TABLE `relation_request` DISABLE KEYS */;
INSERT INTO `relation_request` VALUES (12,'2024-10-07 13:23:26.867608',_binary '\0','REQUEST',21,12,18),(13,'2024-10-07 14:03:25.413714',_binary '\0','COMPLETE',21,13,18),(14,'2024-10-07 14:44:45.706497',_binary '\0','COMPLETE',21,14,18),(18,'2024-10-07 18:01:43.403624',_binary '\0','COMPLETE',23,22,22),(19,'2024-10-07 19:36:40.356827',_binary '\0','COMPLETE',23,23,27),(20,'2024-10-07 19:49:48.799481',_binary '\0','COMPLETE',23,24,22),(21,'2024-10-07 20:26:01.048689',_binary '\0','COMPLETE',16,26,27),(22,'2024-10-07 20:58:31.195996',_binary '\0','COMPLETE',21,34,27),(23,'2024-10-07 21:18:29.470679',_binary '\0','COMPLETE',16,36,27),(24,'2024-10-07 22:00:13.034403',_binary '\0','REQUEST',16,41,17),(25,'2024-10-08 09:57:56.094858',_binary '\0','REQUEST',30,42,29),(26,'2024-10-08 09:59:13.493209',_binary '\0','REQUEST',30,43,29),(27,'2024-10-08 10:02:46.096804',_binary '\0','COMPLETE',30,44,29),(28,'2024-10-08 10:10:00.393610',_binary '\0','COMPLETE',30,45,29),(29,'2024-10-08 10:13:14.613403',_binary '\0','COMPLETE',28,46,27),(30,'2024-10-08 10:25:42.845483',_binary '\0','REQUEST',30,47,29),(31,'2024-10-08 10:26:14.741265',_binary '\0','COMPLETE',30,48,29),(32,'2024-10-08 14:39:59.406745',_binary '\0','COMPLETE',31,50,22),(33,'2024-10-08 15:52:55.145975',_binary '\0','COMPLETE',32,52,17),(34,'2024-10-09 12:40:53.107238',_binary '\0','COMPLETE',33,93,27),(35,'2024-10-09 15:02:42.013612',_binary '\0','COMPLETE',35,97,34),(36,'2024-10-09 15:35:44.151015',_binary '\0','COMPLETE',36,102,27),(37,'2024-10-09 15:44:50.241970',_binary '\0','COMPLETE',37,103,27),(38,'2024-10-09 23:56:22.846176',_binary '\0','REQUEST',21,149,18),(39,'2024-10-10 19:56:15.220517',_binary '\0','COMPLETE',39,178,38),(40,'2024-10-10 20:08:29.914737',_binary '\0','REQUEST',40,190,38),(41,'2024-10-10 20:09:40.250476',_binary '\0','COMPLETE',40,191,38);
/*!40000 ALTER TABLE `relation_request` ENABLE KEYS */;
UNLOCK TABLES;

--
-- Table structure for table `sms_auth`
--

DROP TABLE IF EXISTS `sms_auth`;
/*!40101 SET @saved_cs_client     = @@character_set_client */;
/*!50503 SET character_set_client = utf8mb4 */;
CREATE TABLE `sms_auth` (
  `auth_tel_id` bigint NOT NULL AUTO_INCREMENT,
  `code` varchar(255) NOT NULL,
  `create_at` datetime(6) DEFAULT NULL,
  `delete_yn` bit(1) DEFAULT NULL,
  `expire_at` datetime(6) NOT NULL,
  `tel` varchar(255) NOT NULL,
  PRIMARY KEY (`auth_tel_id`)
) ENGINE=InnoDB AUTO_INCREMENT=282 DEFAULT CHARSET=utf8mb4 COLLATE=utf8mb4_0900_ai_ci;
/*!40101 SET character_set_client = @saved_cs_client */;

--
-- Dumping data for table `sms_auth`
--

LOCK TABLES `sms_auth` WRITE;
/*!40000 ALTER TABLE `sms_auth` DISABLE KEYS */;
INSERT INTO `sms_auth` VALUES (98,'470803','2024-10-07 10:27:48.689941',_binary '','2024-10-07 10:32:48.689053','01042121037'),(99,'217251','2024-10-07 10:28:47.780765',_binary '','2024-10-07 10:33:47.779855','01089650136'),(100,'184134','2024-10-07 10:33:52.464896',_binary '','2024-10-07 10:38:52.464000','01042121037'),(101,'251031','2024-10-07 10:53:13.574111',_binary '','2024-10-07 10:58:13.573213','01059363877'),(102,'840934','2024-10-07 11:12:04.411001',_binary '','2024-10-07 11:17:04.408346','01088102806'),(103,'976033','2024-10-07 11:25:35.216087',_binary '','2024-10-07 11:30:35.214841','01011111111'),(104,'620449','2024-10-07 11:34:15.003113',_binary '','2024-10-07 11:39:15.001993','01088102806'),(105,'165690','2024-10-07 13:20:26.345611',_binary '','2024-10-07 13:25:26.343680','01089650136'),(106,'398820','2024-10-07 13:23:05.939323',_binary '','2024-10-07 13:28:05.938252','01011111111'),(107,'485723','2024-10-07 13:56:02.678501',_binary '','2024-10-07 14:01:02.677582','01052203143'),(108,'994889','2024-10-07 14:00:46.463658',_binary '','2024-10-07 14:05:46.462611','01095174110'),(109,'236388','2024-10-07 14:06:23.651709',_binary '','2024-10-07 14:11:23.650704','01052203143'),(110,'302319','2024-10-07 14:09:39.388919',_binary '','2024-10-07 14:14:39.388053','01052203143'),(111,'252340','2024-10-07 14:46:04.478526',_binary '','2024-10-07 14:51:04.476283','01011111111'),(112,'601349','2024-10-07 14:47:01.823378',_binary '','2024-10-07 14:52:01.822247','01089650136'),(113,'487422','2024-10-07 14:48:38.064229',_binary '','2024-10-07 14:53:38.063150','01089650136'),(114,'240728','2024-10-07 15:05:18.930408',_binary '','2024-10-07 15:10:18.929378','01042121037'),(115,'421426','2024-10-07 15:31:17.227252',_binary '','2024-10-07 15:36:17.224599','01093550175'),(116,'234886','2024-10-07 15:37:31.401416',_binary '','2024-10-07 15:42:31.400238','01042121037'),(117,'130102','2024-10-07 15:41:07.327601',_binary '','2024-10-07 15:46:07.326470','01095174110'),(118,'998318','2024-10-07 15:51:27.207992',_binary '','2024-10-07 15:56:27.205222','01089650136'),(119,'448090','2024-10-07 15:58:44.586069',_binary '','2024-10-07 16:03:44.584977','01088102806'),(120,'347615','2024-10-07 15:59:07.442529',_binary '','2024-10-07 16:04:07.441361','01052203143'),(121,'756860','2024-10-07 16:02:38.549851',_binary '','2024-10-07 16:07:38.546870','01088102806'),(122,'106633','2024-10-07 16:11:54.046618',_binary '','2024-10-07 16:16:54.043540','01088102806'),(123,'403181','2024-10-07 16:19:09.761535',_binary '','2024-10-07 16:24:09.757516','01088102806'),(124,'140512','2024-10-07 17:16:39.515888',_binary '','2024-10-07 17:21:39.513375','01095174110'),(125,'614117','2024-10-07 17:19:35.068134',_binary '','2024-10-07 17:24:35.065251','01095174110'),(126,'297536','2024-10-07 17:20:19.488189',_binary '','2024-10-07 17:25:19.486919','01095174110'),(127,'956978','2024-10-07 17:55:24.008192',_binary '','2024-10-07 18:00:24.007054','01042121037'),(128,'666515','2024-10-07 18:02:38.347747',_binary '','2024-10-07 18:07:38.346823','01095174110'),(129,'150492','2024-10-07 18:14:57.945846',_binary '','2024-10-07 18:19:57.944922','01028057408'),(130,'466336','2024-10-07 18:18:39.622989',_binary '','2024-10-07 18:23:39.622097','01042121037'),(131,'445872','2024-10-07 18:42:45.553980',_binary '','2024-10-07 18:47:45.553102','01082980199'),(132,'349638','2024-10-07 19:15:49.982154',_binary '','2024-10-07 19:20:49.981309','01088102806'),(133,'514587','2024-10-07 19:17:40.635672',_binary '','2024-10-07 19:22:40.634845','01088102806'),(134,'341821','2024-10-07 19:26:26.226974',_binary '','2024-10-07 19:31:26.224691','01042121037'),(135,'744569','2024-10-07 19:33:41.807338',_binary '','2024-10-07 19:38:41.806207','01052203143'),(136,'221028','2024-10-07 19:33:43.553227',_binary '','2024-10-07 19:38:43.552184','01088102806'),(137,'946444','2024-10-07 19:36:02.310415',_binary '','2024-10-07 19:41:02.309299','01095174110'),(138,'860071','2024-10-07 19:36:06.915054',_binary '','2024-10-07 19:41:06.914067','01088102806'),(139,'993113','2024-10-07 20:59:11.340972',_binary '','2024-10-07 21:04:11.338966','01011111111'),(140,'893937','2024-10-07 21:57:45.779629',_binary '','2024-10-07 22:02:45.776553','01042121037'),(141,'368955','2024-10-07 21:59:05.422897',_binary '','2024-10-07 22:04:05.421897','01089650136'),(142,'456874','2024-10-07 22:00:00.682494',_binary '','2024-10-07 22:05:00.680088','01052203143'),(143,'571853','2024-10-08 09:11:23.805035',_binary '','2024-10-08 09:16:23.804083','01089650136'),(144,'293881','2024-10-08 09:18:07.593717',_binary '','2024-10-08 09:23:07.592808','01052203143'),(145,'917145','2024-10-08 09:19:50.597152',_binary '','2024-10-08 09:24:50.596242','01088102806'),(146,'571777','2024-10-08 09:48:36.348098',_binary '','2024-10-08 09:53:36.345524','01095174110'),(147,'858089','2024-10-08 09:53:10.138074',_binary '','2024-10-08 09:58:10.127299','01100000000'),(148,'283117','2024-10-08 09:57:22.055076',_binary '','2024-10-08 10:02:22.054000','01052203143'),(149,'663345','2024-10-08 10:06:27.425318',_binary '','2024-10-08 10:11:27.423116','01100000000'),(150,'161563','2024-10-08 10:09:41.739319',_binary '','2024-10-08 10:14:41.736635','01052203143'),(151,'678583','2024-10-08 10:10:11.539018',_binary '','2024-10-08 10:15:11.537907','01100000000'),(152,'386425','2024-10-08 10:12:24.927540',_binary '','2024-10-08 10:17:24.926409','01088102806'),(153,'544270','2024-10-08 10:30:08.082410',_binary '','2024-10-08 10:35:08.080274','01052203143'),(154,'715559','2024-10-08 10:52:43.498445',_binary '','2024-10-08 10:57:43.497403','01052203143'),(155,'133805','2024-10-08 11:24:34.613479',_binary '','2024-10-08 11:29:34.612551','01095174110'),(156,'153596','2024-10-08 14:17:30.112488',_binary '','2024-10-08 14:22:30.110120','01088102806'),(157,'560007','2024-10-08 14:20:38.355895',_binary '','2024-10-08 14:25:38.354927','01100000000'),(158,'621016','2024-10-08 14:38:47.871031',_binary '','2024-10-08 14:43:47.870047','01112345678'),(159,'305845','2024-10-08 15:49:44.547158',_binary '','2024-10-08 15:54:44.546376','01077777777'),(160,'699195','2024-10-08 15:52:24.267347',_binary '','2024-10-08 15:57:24.266569','01089650136'),(161,'206044','2024-10-08 15:53:23.711999',_binary '','2024-10-08 15:58:23.711165','01077777777'),(162,'199355','2024-10-08 15:54:46.392104',_binary '','2024-10-08 15:59:46.391344','01089650136'),(163,'857859','2024-10-08 16:39:49.354480',_binary '','2024-10-08 16:44:49.353536','01100000000'),(164,'477274','2024-10-08 16:50:37.251600',_binary '','2024-10-08 16:55:37.250848','01100000000'),(165,'172023','2024-10-08 16:53:14.896047',_binary '','2024-10-08 16:58:14.895246','01100000000'),(166,'407083','2024-10-08 16:57:12.123911',_binary '','2024-10-08 17:02:12.123116','01100000000'),(167,'109877','2024-10-08 17:14:03.021525',_binary '','2024-10-08 17:19:03.020733','01089650136'),(168,'850826','2024-10-08 17:20:33.904400',_binary '','2024-10-08 17:25:33.903662','01100000000'),(169,'709949','2024-10-08 17:23:12.285067',_binary '','2024-10-08 17:28:12.284280','01089650136'),(170,'458089','2024-10-08 17:25:36.590318',_binary '','2024-10-08 17:30:36.589576','01077777777'),(171,'271030','2024-10-08 17:27:04.023473',_binary '','2024-10-08 17:32:04.022723','01089650136'),(172,'717441','2024-10-08 17:36:10.045306',_binary '\0','2024-10-08 17:41:10.044568','01012234123'),(173,'815970','2024-10-08 18:04:49.108844',_binary '','2024-10-08 18:09:49.108072','01095174110'),(174,'860201','2024-10-08 19:25:40.607256',_binary '','2024-10-08 19:30:40.606556','01089650136'),(175,'589909','2024-10-08 19:44:15.359598',_binary '','2024-10-08 19:49:15.358867','01089650136'),(176,'573941','2024-10-08 19:53:11.668206',_binary '','2024-10-08 19:58:11.667491','01089650136'),(177,'830294','2024-10-08 19:55:13.857849',_binary '','2024-10-08 20:00:13.857123','01089650136'),(178,'362714','2024-10-08 19:58:40.606421',_binary '','2024-10-08 20:03:40.605676','01088102806'),(179,'858964','2024-10-08 20:11:48.530969',_binary '','2024-10-08 20:16:48.530288','01100000000'),(180,'302961','2024-10-08 20:37:53.422410',_binary '','2024-10-08 20:42:53.421664','01042121037'),(181,'989611','2024-10-08 21:55:31.220803',_binary '','2024-10-08 22:00:31.218495','01077777777'),(182,'539703','2024-10-08 22:42:00.963645',_binary '','2024-10-08 22:47:00.962734','01052203143'),(183,'493978','2024-10-09 10:26:27.402715',_binary '','2024-10-09 10:31:27.401446','01100000000'),(184,'433923','2024-10-09 10:36:01.880729',_binary '','2024-10-09 10:41:01.879670','01095174110'),(185,'611574','2024-10-09 10:40:04.670818',_binary '','2024-10-09 10:45:04.669751','01095174110'),(186,'444931','2024-10-09 10:49:08.183807',_binary '','2024-10-09 10:54:08.182887','01042121037'),(187,'701259','2024-10-09 11:09:29.011665',_binary '','2024-10-09 11:14:29.010767','01100000000'),(188,'797418','2024-10-09 11:18:45.178865',_binary '','2024-10-09 11:23:45.177999','01089650136'),(189,'762084','2024-10-09 12:16:06.916288',_binary '','2024-10-09 12:21:06.915198','01095174110'),(190,'885879','2024-10-09 12:17:38.963553',_binary '','2024-10-09 12:22:38.962675','01095174110'),(191,'641284','2024-10-09 12:18:59.411408',_binary '','2024-10-09 12:23:59.410600','01052203143'),(192,'589140','2024-10-09 12:36:39.529534',_binary '','2024-10-09 12:41:39.528799','01000000000'),(193,'205865','2024-10-09 12:38:10.022731',_binary '','2024-10-09 12:43:10.021955','01000000000'),(194,'888919','2024-10-09 12:40:08.962782',_binary '','2024-10-09 12:45:08.961679','01089650136'),(195,'269606','2024-10-09 12:40:57.352576',_binary '','2024-10-09 12:45:57.351783','01077777777'),(196,'326252','2024-10-09 12:45:35.541890',_binary '','2024-10-09 12:50:35.541147','01089650136'),(197,'428676','2024-10-09 12:53:52.154394',_binary '','2024-10-09 12:58:52.153533','01089650136'),(198,'444761','2024-10-09 14:17:02.283025',_binary '','2024-10-09 14:22:02.282195','01077777777'),(199,'185464','2024-10-09 14:33:45.878833',_binary '','2024-10-09 14:38:45.876317','01089650136'),(200,'895625','2024-10-09 14:42:01.719749',_binary '','2024-10-09 14:47:01.718701','01088102806'),(201,'232302','2024-10-09 14:45:09.220485',_binary '','2024-10-09 14:50:09.219573','01100000000'),(202,'502403','2024-10-09 14:46:46.207473',_binary '\0','2024-10-09 14:51:46.206635','01012341234'),(203,'142382','2024-10-09 15:00:29.516340',_binary '','2024-10-09 15:05:29.515445','01022222222'),(204,'125338','2024-10-09 15:01:01.682258',_binary '','2024-10-09 15:06:01.681106','01033333333'),(205,'544216','2024-10-09 15:20:02.515545',_binary '','2024-10-09 15:25:02.514750','01042121037'),(206,'660601','2024-10-09 15:34:23.270402',_binary '','2024-10-09 15:39:23.267931','01122222222'),(207,'903458','2024-10-09 15:43:12.457734',_binary '','2024-10-09 15:48:12.456749','01133333333'),(208,'888860','2024-10-09 16:00:45.414150',_binary '','2024-10-09 16:05:45.410984','01095174110'),(209,'996211','2024-10-09 16:11:19.424856',_binary '','2024-10-09 16:16:19.423544','01052203143'),(210,'299758','2024-10-09 17:32:27.208485',_binary '','2024-10-09 17:37:27.207652','01059363877'),(211,'254886','2024-10-09 18:03:01.952793',_binary '','2024-10-09 18:08:01.952004','01095174110'),(212,'479757','2024-10-09 19:04:34.715240',_binary '\0','2024-10-09 19:09:34.712630','01066406343'),(213,'756476','2024-10-09 20:54:13.244845',_binary '','2024-10-09 20:59:13.242516','01089650136'),(214,'496841','2024-10-09 21:26:56.067529',_binary '','2024-10-09 21:31:56.066667','01077777777'),(215,'743211','2024-10-09 21:40:56.926563',_binary '','2024-10-09 21:45:56.925786','01133333333'),(216,'956082','2024-10-09 21:41:38.743754',_binary '','2024-10-09 21:46:38.742870','01088102806'),(217,'118922','2024-10-09 21:49:30.728740',_binary '','2024-10-09 21:54:30.726051','01077777777'),(218,'974122','2024-10-09 21:50:06.802225',_binary '','2024-10-09 21:55:06.801131','01077777777'),(219,'316233','2024-10-09 21:52:07.045350',_binary '','2024-10-09 21:57:07.044323','01077777777'),(220,'203630','2024-10-09 21:53:08.989619',_binary '','2024-10-09 21:58:08.988517','01077777777'),(221,'970223','2024-10-09 21:54:02.185501',_binary '','2024-10-09 21:59:02.184504','01088102806'),(222,'360854','2024-10-09 21:57:22.802275',_binary '','2024-10-09 22:02:22.801221','01011111111'),(223,'564886','2024-10-09 22:00:24.469014',_binary '','2024-10-09 22:05:24.467679','01059363877'),(224,'195355','2024-10-09 22:04:56.473410',_binary '','2024-10-09 22:09:56.472622','01011111111'),(225,'767143','2024-10-09 22:06:08.703598',_binary '','2024-10-09 22:11:08.702555','01011111111'),(226,'723106','2024-10-09 22:11:46.325640',_binary '','2024-10-09 22:16:46.323022','01011111111'),(227,'281882','2024-10-09 22:12:56.690282',_binary '','2024-10-09 22:17:56.689428','01011111111'),(228,'329873','2024-10-09 22:51:41.077555',_binary '','2024-10-09 22:56:41.075217','01088102806'),(229,'259990','2024-10-09 22:54:30.918488',_binary '','2024-10-09 22:59:30.917552','01088102806'),(230,'901995','2024-10-09 22:56:05.946247',_binary '','2024-10-09 23:01:05.944937','01088102806'),(231,'555506','2024-10-09 23:55:47.863824',_binary '','2024-10-10 00:00:47.861379','01059363877'),(232,'721445','2024-10-10 00:28:22.999499',_binary '','2024-10-10 00:33:22.998640','01059363877'),(233,'559008','2024-10-10 09:57:17.388089',_binary '','2024-10-10 10:02:17.385675','01089650136'),(234,'463711','2024-10-10 10:42:16.341350',_binary '','2024-10-10 10:47:16.340603','01052203143'),(235,'233322','2024-10-10 12:40:55.253691',_binary '','2024-10-10 12:45:55.252977','01052203143'),(236,'246358','2024-10-10 12:43:04.853311',_binary '','2024-10-10 12:48:04.852201','01133333333'),(237,'566278','2024-10-10 12:54:23.886749',_binary '','2024-10-10 12:59:23.886009','01088102806'),(238,'872853','2024-10-10 12:56:08.711271',_binary '','2024-10-10 13:01:08.710542','01133333333'),(239,'350390','2024-10-10 14:05:51.845759',_binary '','2024-10-10 14:10:51.837946','01095174110'),(240,'980452','2024-10-10 14:21:27.675723',_binary '\0','2024-10-10 14:26:27.675110','01012341234'),(241,'558754','2024-10-10 14:25:44.391010',_binary '','2024-10-10 14:30:44.390279','01095174110'),(242,'481911','2024-10-10 14:33:18.270525',_binary '','2024-10-10 14:38:18.269813','01052203143'),(243,'914616','2024-10-10 16:12:29.838129',_binary '','2024-10-10 16:17:29.837474','01133333333'),(244,'362363','2024-10-10 16:13:07.554095',_binary '','2024-10-10 16:18:07.553445','01133333333'),(245,'988892','2024-10-10 16:14:20.021754',_binary '','2024-10-10 16:19:20.021101','01133333333'),(246,'426155','2024-10-10 16:22:48.476917',_binary '','2024-10-10 16:27:48.476157','01133333333'),(247,'724946','2024-10-10 16:26:16.564795',_binary '','2024-10-10 16:31:16.564113','01052203143'),(248,'204429','2024-10-10 16:26:42.575120',_binary '','2024-10-10 16:31:42.574495','01052203143'),(249,'488177','2024-10-10 16:36:53.295090',_binary '','2024-10-10 16:41:53.294390','01133333333'),(250,'679070','2024-10-10 18:19:03.226614',_binary '','2024-10-10 18:24:03.225928','01052203143'),(251,'327352','2024-10-10 19:44:59.593919',_binary '','2024-10-10 19:49:59.593242','01059363877'),(252,'891716','2024-10-10 19:48:37.997825',_binary '','2024-10-10 19:53:37.997216','01088102806'),(253,'402221','2024-10-10 19:51:26.003833',_binary '','2024-10-10 19:56:26.003107','01100000001'),(254,'394339','2024-10-10 19:52:26.263929',_binary '','2024-10-10 19:57:26.263282','01100000002'),(255,'735460','2024-10-10 20:00:11.647556',_binary '','2024-10-10 20:05:11.646908','01100000002'),(256,'550125','2024-10-10 20:07:04.695746',_binary '','2024-10-10 20:12:04.695011','01100000003'),(257,'839102','2024-10-10 21:20:53.298117',_binary '','2024-10-10 21:25:53.297377','01052203143'),(258,'707399','2024-10-10 21:21:06.013427',_binary '','2024-10-10 21:26:06.012780','01052203143'),(259,'419529','2024-10-10 21:21:19.038757',_binary '','2024-10-10 21:26:19.038143','01052203143'),(260,'907910','2024-10-10 23:11:17.635629',_binary '','2024-10-10 23:16:17.633281','01042121037'),(261,'429811','2024-10-10 23:12:12.801287',_binary '','2024-10-10 23:17:12.800345','01042121037'),(262,'921007','2024-10-11 00:15:56.939104',_binary '','2024-10-11 00:20:56.938095','01062914745'),(263,'874004','2024-10-11 01:25:02.671048',_binary '','2024-10-11 01:30:02.670218','01088102806'),(264,'345619','2024-10-11 01:27:33.622205',_binary '','2024-10-11 01:32:33.621405','01133333333'),(265,'985204','2024-10-11 02:16:21.479110',_binary '','2024-10-11 02:21:21.478308','01122222222'),(266,'990621','2024-10-11 03:08:25.970707',_binary '','2024-10-11 03:13:25.969924','01042121037'),(267,'585525','2024-10-11 03:10:19.265510',_binary '','2024-10-11 03:15:19.264828','01133333333'),(268,'946707','2024-10-11 03:21:01.483230',_binary '','2024-10-11 03:26:01.482607','01033333333'),(269,'398227','2024-10-11 05:04:34.592893',_binary '','2024-10-11 05:09:34.592188','01099998888'),(270,'230569','2024-10-11 06:04:16.081634',_binary '','2024-10-11 06:09:16.081008','01052203143'),(271,'585086','2024-10-11 08:36:30.309728',_binary '','2024-10-11 08:41:30.309095','01077777777'),(272,'720322','2024-10-11 08:36:40.000204',_binary '','2024-10-11 08:41:39.999495','01100000002'),(273,'304420','2024-10-11 08:42:02.947701',_binary '','2024-10-11 08:47:02.947093','01100000001'),(274,'193252','2024-10-11 08:43:24.938874',_binary '','2024-10-11 08:48:24.938258','01100000001'),(275,'671699','2024-10-11 09:28:14.292664',_binary '','2024-10-11 09:33:14.291875','01100000002'),(276,'549988','2024-10-11 09:32:46.843385',_binary '','2024-10-11 09:37:46.842724','01100000001'),(277,'707952','2024-10-11 09:32:48.225380',_binary '','2024-10-11 09:37:48.224797','01100000002'),(278,'616537','2024-10-11 09:33:21.146943',_binary '','2024-10-11 09:38:21.146370','01100000002'),(279,'887525','2024-10-11 09:54:19.414359',_binary '','2024-10-11 09:59:19.413802','01089650136'),(280,'980426','2024-10-11 10:11:04.424102',_binary '','2024-10-11 10:16:04.423551','01089650136'),(281,'358888','2024-10-11 10:27:47.573232',_binary '','2024-10-11 10:32:47.572570','01077777777');
/*!40000 ALTER TABLE `sms_auth` ENABLE KEYS */;
UNLOCK TABLES;

--
-- Table structure for table `user`
--

DROP TABLE IF EXISTS `user`;
/*!40101 SET @saved_cs_client     = @@character_set_client */;
/*!50503 SET character_set_client = utf8mb4 */;
CREATE TABLE `user` (
  `user_id` bigint NOT NULL AUTO_INCREMENT,
  `account_id` bigint DEFAULT NULL,
  `birth` date DEFAULT NULL,
  `create_at` datetime(6) DEFAULT NULL,
  `delete_yn` bit(1) DEFAULT NULL,
  `gender` enum('FEMALE','MALE','OTHER') DEFAULT NULL,
  `password` varchar(255) DEFAULT NULL,
  `relation_yn` bit(1) DEFAULT NULL,
  `role` enum('CHILD','PARENT') DEFAULT NULL,
  `user_name` varchar(255) DEFAULT NULL,
  `user_phone` varchar(255) DEFAULT NULL,
  PRIMARY KEY (`user_id`)
) ENGINE=InnoDB AUTO_INCREMENT=43 DEFAULT CHARSET=utf8mb4 COLLATE=utf8mb4_0900_ai_ci;
/*!40101 SET character_set_client = @saved_cs_client */;

--
-- Dumping data for table `user`
--

LOCK TABLES `user` WRITE;
/*!40000 ALTER TABLE `user` DISABLE KEYS */;
INSERT INTO `user` VALUES (16,NULL,'1996-03-14','2024-10-07 10:28:28.675421',_binary '\0','MALE','112233',_binary '\0','CHILD','황정현','01042121037'),(17,NULL,'2001-09-19','2024-10-07 10:29:28.263336',_binary '\0','FEMALE','123456',_binary '','PARENT','주소영','01089650136'),(18,NULL,'1998-01-08','2024-10-07 10:53:50.726572',_binary '\0','FEMALE','031226',_binary '\0','PARENT','최소현','01059363877'),(20,101,'2000-05-12','2024-10-07 11:24:25.589482',_binary '\0','MALE','111111',_binary '','CHILD','최대현','010-1234-5678'),(21,NULL,'1998-01-08','2024-10-07 11:26:09.977674',_binary '\0','FEMALE','111111',_binary '\0','CHILD','최대현','01011111111'),(22,NULL,'1999-03-20','2024-10-07 13:57:09.313586',_binary '\0','FEMALE','990320',_binary '','PARENT','이지흔','01052203143'),(23,NULL,'1995-04-11','2024-10-07 15:40:15.905061',_binary '\0','MALE','950411',_binary '','CHILD','강신구','01095174110'),(24,NULL,'1996-03-25','2024-10-07 15:32:22.567739',_binary '\0','FEMALE','000000',_binary '\0','PARENT','강한나','01093550175'),(26,NULL,'1999-12-28','2024-10-07 18:15:33.509109',_binary '\0','MALE','991228',_binary '\0','CHILD','태건공주','01028057408'),(27,NULL,'1997-12-16','2024-10-07 19:18:11.233664',_binary '\0','MALE','971216',_binary '','PARENT','윤성현','01088102806'),(28,NULL,'1997-12-16','2024-10-08 09:54:17.945578',_binary '\0','MALE','971216',_binary '','CHILD','윤성현','01100000000'),(29,NULL,'2011-11-11','2024-10-08 09:54:45.528097',_binary '\0','MALE','999999',_binary '','PARENT','최부모','01099999999'),(30,NULL,'2011-11-11','2024-10-08 09:55:46.281071',_binary '\0','MALE','888888',_binary '','CHILD','김자녀','01088888888'),(31,NULL,'2000-01-01','2024-10-08 14:39:41.430365',_binary '\0','MALE','000000',_binary '','CHILD','새로운사람','01112345678'),(32,NULL,'2001-09-19','2024-10-08 15:50:38.379665',_binary '\0','FEMALE','123456',_binary '','CHILD','김딸랑구','01077777777'),(33,NULL,'1997-12-16','2024-10-09 12:37:50.884494',_binary '\0','MALE','971216',_binary '\0','CHILD','윤성현','01000000000'),(34,NULL,'1998-01-08','2024-10-09 15:01:26.252379',_binary '\0','FEMALE','222222',_binary '','PARENT','최소현','01022222222'),(35,NULL,'1998-01-08','2024-10-09 15:01:32.697329',_binary '\0','FEMALE','333333',_binary '','CHILD','최자녀','01033333333'),(36,NULL,'1997-12-16','2024-10-09 15:35:06.541670',_binary '\0','MALE','971216',_binary '','CHILD','김성현','01122222222'),(37,NULL,'1997-12-16','2024-10-09 15:43:38.679387',_binary '\0','MALE','971216',_binary '','CHILD','강성현','01133333333'),(38,NULL,'1992-03-29','2024-10-10 19:52:09.984557',_binary '\0','FEMALE','990320',_binary '','PARENT','김부모','01100000001'),(39,NULL,'1997-12-16','2024-10-10 19:53:02.245212',_binary '\0','MALE','971216',_binary '','CHILD','이자녀','01100000002'),(40,NULL,'1997-12-16','2024-10-10 20:07:38.645767',_binary '\0','MALE','971216',_binary '','CHILD','이싸피','01100000003'),(41,NULL,'2000-02-20','2024-10-11 00:16:30.877947',_binary '\0','MALE','980616',_binary '\0','PARENT','박영균','01062914745'),(42,NULL,'1998-01-08','2024-10-11 05:05:43.152952',_binary '\0','FEMALE','000000',_binary '\0','PARENT','최소현','01099998888');
/*!40000 ALTER TABLE `user` ENABLE KEYS */;
UNLOCK TABLES;
/*!40103 SET TIME_ZONE=@OLD_TIME_ZONE */;

/*!40101 SET SQL_MODE=@OLD_SQL_MODE */;
/*!40014 SET FOREIGN_KEY_CHECKS=@OLD_FOREIGN_KEY_CHECKS */;
/*!40014 SET UNIQUE_CHECKS=@OLD_UNIQUE_CHECKS */;
/*!40101 SET CHARACTER_SET_CLIENT=@OLD_CHARACTER_SET_CLIENT */;
/*!40101 SET CHARACTER_SET_RESULTS=@OLD_CHARACTER_SET_RESULTS */;
/*!40101 SET COLLATION_CONNECTION=@OLD_COLLATION_CONNECTION */;
/*!40111 SET SQL_NOTES=@OLD_SQL_NOTES */;

-- Dump completed on 2024-10-11 11:38:42
